track_id,track_name,artist_name,popularity,album,uri,danceability,energy,key,loudness,mode,speechiness,acousticness,instrumentalness,liveness,valence,tempo,type,id,track_href,analysis_url,duration_ms,time_signature,release_date,in_playlist
0q7e0GM6mYVcy8VcAAK6c8,NEVER PICKED (feat. Lidnesty),"['Kresnt', 'NO1-NOAH', 'Lidnesty']",23,EVERYBODY KNOWS RELOADED,spotify:track:0q7e0GM6mYVcy8VcAAK6c8,0.712,0.428,2,-7.047,1,0.134,0.569,0.0,0.198,0.374,75.505,audio_features,0q7e0GM6mYVcy8VcAAK6c8,https://api.spotify.com/v1/tracks/0q7e0GM6mYVcy8VcAAK6c8,https://api.spotify.com/v1/audio-analysis/0q7e0GM6mYVcy8VcAAK6c8,155786,4,2020,0
1dP519dbEob8H6wiouRdaY,Family Affair (Dance For Me),['David Guetta'],64,Family Affair (Dance For Me),,0.869,0.726,11,-5.654,0,0.0459,0.0784,0.0,0.107,0.343,124.023,audio_features,,,,158391,4,2022,1
2thq63WxOVk43YYAyEwoLZ,Running Back to You - Extended,"['Astrality', 'Miggy Dela Rosa']",18,Running Back to You,spotify:track:2thq63WxOVk43YYAyEwoLZ,0.781,0.579,11,-8.352,1,0.134,0.0256,0.00575,0.105,0.434,124.008,audio_features,2thq63WxOVk43YYAyEwoLZ,https://api.spotify.com/v1/tracks/2thq63WxOVk43YYAyEwoLZ,https://api.spotify.com/v1/audio-analysis/2thq63WxOVk43YYAyEwoLZ,207127,4,2024,0
3O30ywyRk6EKT68sBvVqOP,Hollywood Forever Cemetery Sings,['Father John Misty'],58,Fear Fun,spotify:track:3O30ywyRk6EKT68sBvVqOP,0.58,0.808,9,-4.133,1,0.0284,0.0642,0.158,0.0387,0.599,93.985,audio_features,3O30ywyRk6EKT68sBvVqOP,https://api.spotify.com/v1/tracks/3O30ywyRk6EKT68sBvVqOP,https://api.spotify.com/v1/audio-analysis/3O30ywyRk6EKT68sBvVqOP,190613,4,2012,0
41TkFhNYljV7omolLJ6Squ,Creep - BYOR Remix,"['Naeleck', 'Haley Reinhart', 'BYOR']",65,Creep (BYOR Remix),,0.696,0.775,6,-6.539,1,0.0388,0.00393,0.104,0.378,0.435,126.979,audio_features,,,,156850,4,2022,1
0Hf4aIJpsN4Os2f0y0VqWl,Feel This Moment (feat. Christina Aguilera),"['Pitbull', 'Christina Aguilera']",77,Global Warming: Meltdown (Deluxe Version),spotify:track:0Hf4aIJpsN4Os2f0y0VqWl,0.673,0.758,7,-3.632,1,0.158,0.039,0.0,0.341,0.542,135.956,audio_features,0Hf4aIJpsN4Os2f0y0VqWl,https://api.spotify.com/v1/tracks/0Hf4aIJpsN4Os2f0y0VqWl,https://api.spotify.com/v1/audio-analysis/0Hf4aIJpsN4Os2f0y0VqWl,229507,4,2012,0
5fdhThPDe6jQQDqCyWrdAn,Jolene,['Dolly Parton'],76,Jolene (Expanded Edition),spotify:track:5fdhThPDe6jQQDqCyWrdAn,0.674,0.537,1,-10.971,0,0.0363,0.566,0.0,0.131,0.809,110.578,audio_features,5fdhThPDe6jQQDqCyWrdAn,https://api.spotify.com/v1/tracks/5fdhThPDe6jQQDqCyWrdAn,https://api.spotify.com/v1/audio-analysis/5fdhThPDe6jQQDqCyWrdAn,161533,4,1974,0
0k0GtcnyQLMiXrdEDbLXmJ,Please Don't Change (feat. DJ Snake),"['Jung Kook', 'DJ Snake']",73,GOLDEN,spotify:track:0k0GtcnyQLMiXrdEDbLXmJ,0.797,0.743,11,-6.005,1,0.174,0.164,1.2e-06,0.164,0.768,114.878,audio_features,0k0GtcnyQLMiXrdEDbLXmJ,https://api.spotify.com/v1/tracks/0k0GtcnyQLMiXrdEDbLXmJ,https://api.spotify.com/v1/audio-analysis/0k0GtcnyQLMiXrdEDbLXmJ,146685,4,2023,0
4MxRKmmyxI79W8cRy7MzsW,No Caller Id,"['Corena', 'NATE SEBSIBE', 'Gabriel Wittner']",50,No Caller Id,,0.755,0.888,8,-6.037,0,0.0579,0.0434,0.000967,0.254,0.309,120.056,audio_features,,,,164000,4,2024,1
6HRxngZoLiaEnf7Sh4UC6s,Fear of the Dark,"['ConKi', 'MaMan', 'Anna-Sophia Henry']",45,Fear of the Dark,,0.701,0.807,9,-8.537,0,0.0394,0.214,0.295,0.2,0.313,123.981,audio_features,,,,223548,4,2022,1
17zF2ISrDrQdaULA8cxReK,Tonight (Best You Ever Had) (feat. Ludacris),"['John Legend', 'Ludacris']",59,Think Like A Man - Music From & Inspired By The Film,spotify:track:17zF2ISrDrQdaULA8cxReK,0.693,0.813,7,-4.361,0,0.0661,0.0496,0.0,0.289,0.515,90.006,audio_features,17zF2ISrDrQdaULA8cxReK,https://api.spotify.com/v1/tracks/17zF2ISrDrQdaULA8cxReK,https://api.spotify.com/v1/audio-analysis/17zF2ISrDrQdaULA8cxReK,239453,4,2012,0
5pXui9rkf5W90DgZobuDiK,The Walls,['Chase Atlantic'],71,Chase Atlantic,spotify:track:5pXui9rkf5W90DgZobuDiK,0.357,0.704,0,-6.925,0,0.0828,0.326,1.54e-06,0.124,0.225,144.172,audio_features,5pXui9rkf5W90DgZobuDiK,https://api.spotify.com/v1/tracks/5pXui9rkf5W90DgZobuDiK,https://api.spotify.com/v1/audio-analysis/5pXui9rkf5W90DgZobuDiK,229840,4,2017,0
42gZM6AQ9BDMaTyTmMDVlN,Theme From Schindler's List,"['John Williams', 'Itzhak Perlman', 'Boston Symphony Orchestra']",59,Schindler's List,spotify:track:42gZM6AQ9BDMaTyTmMDVlN,0.142,0.113,2,-25.362,0,0.0415,0.859,0.838,0.107,0.0697,98.575,audio_features,42gZM6AQ9BDMaTyTmMDVlN,https://api.spotify.com/v1/tracks/42gZM6AQ9BDMaTyTmMDVlN,https://api.spotify.com/v1/audio-analysis/42gZM6AQ9BDMaTyTmMDVlN,255693,1,1993,0
7kIDShjwKNfhXv1dNfT9ec,Belico El Asunto (En Vivo),"['Codiciado', 'Grupo Arriesgado']",62,Belico El Asunto (En Vivo),spotify:track:7kIDShjwKNfhXv1dNfT9ec,0.761,0.477,5,-4.32,1,0.0514,0.805,0.0,0.163,0.967,112.276,audio_features,7kIDShjwKNfhXv1dNfT9ec,https://api.spotify.com/v1/tracks/7kIDShjwKNfhXv1dNfT9ec,https://api.spotify.com/v1/audio-analysis/7kIDShjwKNfhXv1dNfT9ec,208680,3,2022,0
5VGpOXAaau0DdzzOzhApPh,Te Irá Mejor Sin Mí,['Joan Sebastian'],68,Mi Mexico Querido,spotify:track:5VGpOXAaau0DdzzOzhApPh,0.697,0.41,9,-10.759,1,0.0279,0.648,0.000652,0.105,0.449,99.952,audio_features,5VGpOXAaau0DdzzOzhApPh,https://api.spotify.com/v1/tracks/5VGpOXAaau0DdzzOzhApPh,https://api.spotify.com/v1/audio-analysis/5VGpOXAaau0DdzzOzhApPh,176431,4,2020,0
4h4Em3iM0Vp45KD7b5wW3Z,90s Better,"['ConKi', 'Zummer', 'MAZEMIRROR']",56,90s Better,,0.548,0.991,0,-3.524,0,0.0482,0.11,0.00105,0.131,0.646,145.982,audio_features,,,,139970,4,2023,1
59NraMJsLaMCVtwXTSia8i,Prada,"['cassö', 'RAYE', 'D-Block Europe']",83,Prada,,0.638,0.717,8,-5.804,1,0.0375,0.001,1.79e-06,0.113,0.422,141.904,audio_features,,,,132359,4,2023,1
0iFGIHvtXe4F5Nc3Y5qOwo,I'm Alive,['The Hollies'],38,Love Songs,spotify:track:0iFGIHvtXe4F5Nc3Y5qOwo,0.436,0.586,2,-8.292,0,0.0308,0.0111,4.54e-06,0.447,0.674,132.778,audio_features,0iFGIHvtXe4F5Nc3Y5qOwo,https://api.spotify.com/v1/tracks/0iFGIHvtXe4F5Nc3Y5qOwo,https://api.spotify.com/v1/audio-analysis/0iFGIHvtXe4F5Nc3Y5qOwo,145867,4,1990,0
7Bg90Jhm3Dhtu7m2YCpo6C,Children - Radio Edit,"['Deborah de Luca', 'Robert Miles']",58,Children,,0.553,0.948,1,-9.628,1,0.037,0.00881,0.818,0.102,0.0389,134.996,audio_features,,,,206222,4,2022,1
4LxDdYU3x9tyDxy3CghqdC,Sunrise,['Simply Red'],58,Home,spotify:track:4LxDdYU3x9tyDxy3CghqdC,0.794,0.732,5,-5.131,0,0.0288,0.00215,0.187,0.0845,0.913,105.989,audio_features,4LxDdYU3x9tyDxy3CghqdC,https://api.spotify.com/v1/tracks/4LxDdYU3x9tyDxy3CghqdC,https://api.spotify.com/v1/audio-analysis/4LxDdYU3x9tyDxy3CghqdC,199040,4,2003,0
7jrMFjEq0t09f7m3HnnWXl,Tell Me Why - MEDUZA Remix,"['Supermode', 'MEDUZA']",71,Tell Me Why (MEDUZA Remix),,0.561,0.928,6,-5.812,0,0.0371,0.087,0.894,0.332,0.182,125.988,audio_features,,,,171428,4,2022,1
5PNvgiKSwMdjBsDsgFCFLX,Slow Down (feat. Jorja Smith) - Vintage Culture & Slow Motion Remix,"['Maverick Sabre', 'Jorja Smith', 'Vintage Culture', 'Slow Motion']",72,Slow Down (feat. Jorja Smith) [Vintage Culture & Slow Motion Remix],,0.881,0.661,11,-7.681,0,0.0343,0.098,0.0187,0.101,0.965,124.023,audio_features,,,,181306,4,2020,1
73pfEG5RSqYL9t2WA59zDJ,Safe Place,"['Blaikz', 'Paul Keen', 'lisawanderlust']",47,Safe Place,,0.602,0.846,7,-6.975,0,0.0639,0.00365,0.000356,0.325,0.16,75.002,audio_features,,,,118400,4,2024,1
1k1Bqnv2R0uJXQN4u6LKYt,Ain't No Sunshine,['Bill Withers'],81,Just As I Am,spotify:track:1k1Bqnv2R0uJXQN4u6LKYt,0.527,0.415,4,-11.451,0,0.122,0.457,1.72e-05,0.117,0.515,78.169,audio_features,1k1Bqnv2R0uJXQN4u6LKYt,https://api.spotify.com/v1/tracks/1k1Bqnv2R0uJXQN4u6LKYt,https://api.spotify.com/v1/audio-analysis/1k1Bqnv2R0uJXQN4u6LKYt,125093,4,1971,0
5l8wENUFbfKUtzmazIGZBU,Roaring 20s,"['DVNY', 'RITHMAL', 'Alec MacGillivray']",54,Roaring 20s,,0.647,0.888,8,-5.137,1,0.0477,0.0622,0.0,0.0784,0.431,124.069,audio_features,,,,181975,4,2024,1
62LN2Eh7OpiPQTpGbnQVm2,Take You There,"['ConKi', 'Goodkins', 'Janethan']",56,Take You There,,0.642,0.746,8,-5.984,0,0.0927,0.118,0.0,0.286,0.532,122.869,audio_features,,,,148302,4,2022,1
0KkIkfsLEJbrcIhYsCL7L5,China,"['Anuel AA', 'Daddy Yankee', 'KAROL G', 'Ozuna', 'J Balvin']",68,Emmanuel,spotify:track:0KkIkfsLEJbrcIhYsCL7L5,0.786,0.808,7,-3.702,1,0.0881,0.0846,0.000289,0.0822,0.608,105.029,audio_features,0KkIkfsLEJbrcIhYsCL7L5,https://api.spotify.com/v1/tracks/0KkIkfsLEJbrcIhYsCL7L5,https://api.spotify.com/v1/audio-analysis/0KkIkfsLEJbrcIhYsCL7L5,301714,4,2020,0
2DBz27islCy7DhbycAQFJM,It's a Shame,"['TUDOR', 'muuno', 'Sam Welch']",50,It's a Shame,,0.742,0.772,10,-6.275,0,0.0523,0.00945,0.000187,0.327,0.0966,124.978,audio_features,,,,168000,3,2024,1
3bDuKFvJHwIUkFl8QtF2tb,Bad For Me,['Stacey Ryan'],24,Bad For Me,spotify:track:3bDuKFvJHwIUkFl8QtF2tb,0.724,0.481,0,-6.065,1,0.0455,0.27,0.000128,0.393,0.638,90.119,audio_features,3bDuKFvJHwIUkFl8QtF2tb,https://api.spotify.com/v1/tracks/3bDuKFvJHwIUkFl8QtF2tb,https://api.spotify.com/v1/audio-analysis/3bDuKFvJHwIUkFl8QtF2tb,178520,4,2023,0
7zBg6qxuNUz0mBdr85l6ng,Your Bones,['Chelsea Cutler'],57,Stellaria,spotify:track:7zBg6qxuNUz0mBdr85l6ng,0.668,0.624,4,-7.757,1,0.0256,0.394,2.54e-06,0.0874,0.387,105.022,audio_features,7zBg6qxuNUz0mBdr85l6ng,https://api.spotify.com/v1/tracks/7zBg6qxuNUz0mBdr85l6ng,https://api.spotify.com/v1/audio-analysis/7zBg6qxuNUz0mBdr85l6ng,159400,4,2023,0
3AjSfp5FDvwtMU9XBsbS8j,Push Up - Main Edit,['Creeds'],77,Push Up (Main Edit),,0.767,0.83,7,-8.78,1,0.206,0.209,0.836,0.0582,0.187,75.023,audio_features,,,,139300,4,2023,1
1mcHeUu3JmfdsxLj88okN5,Remember My Love,"['B.R.T', 'Becky Smith']",52,Remember My Love,,0.723,0.962,1,-5.883,1,0.179,0.13,0.000453,0.102,0.795,140.126,audio_features,,,,131388,4,2024,1
3LF54Y7TxU5vy3YKAIfiQ4,Greatest Day,['Take That'],51,The Circus,spotify:track:3LF54Y7TxU5vy3YKAIfiQ4,0.458,0.703,1,-6.22,1,0.0362,0.0647,3.13e-06,0.102,0.17,110.017,audio_features,3LF54Y7TxU5vy3YKAIfiQ4,https://api.spotify.com/v1/tracks/3LF54Y7TxU5vy3YKAIfiQ4,https://api.spotify.com/v1/audio-analysis/3LF54Y7TxU5vy3YKAIfiQ4,239320,4,2008,0
04R4oiYD4NU6ZkdwlaJSep,Bad Memories - Felix Jaehn Remix,"['MEDUZA', 'James Carter', 'Felix Jaehn', 'Elley Duhé', 'FAST BOY']",64,Bad Memories (Felix Jaehn Remix),,0.667,0.815,1,-7.401,1,0.19,0.031,0.0361,0.0349,0.394,138.057,audio_features,,,,149565,4,2022,1
6k5DKQMC96daK6fSvAxdQv,Satisfaction,"['David Guetta', 'Benny Benassi']",57,Satisfaction,,0.752,0.935,11,-6.263,1,0.203,0.0742,0.0352,0.081,0.31,126.022,audio_features,,,,155676,4,2022,1
2TK2KSrzXD6W01qjXVjNGh,The Room Where It Happens,"['Leslie Odom Jr.', 'Lin-Manuel Miranda', 'Daveed Diggs', 'Okieriete Onaodowan', 'Original Broadway Cast of Hamilton']",65,Hamilton (Original Broadway Cast Recording),spotify:track:2TK2KSrzXD6W01qjXVjNGh,0.638,0.49,4,-9.382,0,0.426,0.271,0.0,0.664,0.511,173.552,audio_features,2TK2KSrzXD6W01qjXVjNGh,https://api.spotify.com/v1/tracks/2TK2KSrzXD6W01qjXVjNGh,https://api.spotify.com/v1/audio-analysis/2TK2KSrzXD6W01qjXVjNGh,318215,4,2015,0
5c4gtyaea8i7H1BqRyb2Xp,Sierra,"['Argy', 'Baset']",64,Sierra,,0.703,0.817,10,-6.661,0,0.0494,0.00482,0.741,0.117,0.324,124.018,audio_features,,,,201500,4,2024,1
6Dy1jexKYriXAVG6evyUTJ,OUT OUT (feat. Charli XCX & Saweetie),"['Joel Corry', 'Jax Jones', 'Charli xcx', 'Saweetie']",73,OUT OUT (feat. Charli XCX & Saweetie),,0.787,0.833,8,-4.403,1,0.0478,0.018,0.00747,0.0374,0.796,123.97,audio_features,,,,162603,4,2021,1
52erNkfUKv34u02CjcHOPj,If I Didn't Have You,['Randy Travis'],58,On the Other Hand - All the Number Ones,spotify:track:52erNkfUKv34u02CjcHOPj,0.674,0.578,4,-10.919,1,0.0663,0.164,0.0,0.103,0.961,172.498,audio_features,52erNkfUKv34u02CjcHOPj,https://api.spotify.com/v1/tracks/52erNkfUKv34u02CjcHOPj,https://api.spotify.com/v1/audio-analysis/52erNkfUKv34u02CjcHOPj,186747,4,2015,0
1w3IvRZpHTCyGkCp8icGAa,Yeah The Girls,"['FISHER', 'MERYLL']",60,Yeah The Girls,,0.755,0.968,8,-5.282,1,0.0423,0.00114,0.775,0.103,0.783,126.009,audio_features,,,,194310,4,2022,1
0fakWQOtG7CCWTIF6rJJGu,Let´s Have Some Fun,"['ACE ON THE BASE', 'MC Yankoo', 'Damon Paul']",37,Lets´s Have Some Fun,,0.825,0.827,1,-5.502,1,0.0499,0.000461,0.0451,0.0867,0.757,127.988,audio_features,,,,211875,4,2024,1
6rMDWmfasdPlrmmxYbjABc,Sunlight (feat. Years and Years) - Darius Remix,"['The Magician', 'Years & Years', 'Darius']",44,Sunlight (feat. Years and Years) [Remixes],spotify:track:6rMDWmfasdPlrmmxYbjABc,0.686,0.533,5,-11.177,0,0.0494,0.0173,0.00131,0.107,0.193,108.538,audio_features,6rMDWmfasdPlrmmxYbjABc,https://api.spotify.com/v1/tracks/6rMDWmfasdPlrmmxYbjABc,https://api.spotify.com/v1/audio-analysis/6rMDWmfasdPlrmmxYbjABc,244202,4,2014,0
3F8JUpXZ97dAYR8rK4tSOF,Old Friend,"['Sharny', 'lx']",19,Old Friend,spotify:track:3F8JUpXZ97dAYR8rK4tSOF,0.568,0.187,11,-18.841,0,0.0325,0.676,0.0126,0.113,0.187,120.344,audio_features,3F8JUpXZ97dAYR8rK4tSOF,https://api.spotify.com/v1/tracks/3F8JUpXZ97dAYR8rK4tSOF,https://api.spotify.com/v1/audio-analysis/3F8JUpXZ97dAYR8rK4tSOF,163134,3,2022,0
39JofJHEtg8I4fSyo7Imft,B.O.T.A. (Baddest Of Them All) - Edit,"['Eliza Rose', 'Interplanetary Criminal']",72,B.O.T.A. (Baddest Of Them All),,0.733,0.921,0,-7.077,1,0.0446,0.161,0.662,0.122,0.729,136.996,audio_features,,,,226626,4,2022,1
3zPfyVThoCzQ6IB5CSGDTz,You've Done Enough,"['Gorgon City', 'DRAMA']",48,You’ve Done Enough,,0.685,0.791,0,-6.628,1,0.0337,0.016,0.153,0.703,0.539,125.052,audio_features,,,,213546,4,2021,1
6Bhb59RtPbvA8z6tMiZX5q,Magic,['Andy Grammer'],50,Monster,spotify:track:6Bhb59RtPbvA8z6tMiZX5q,0.582,0.739,5,-5.416,1,0.0882,0.0243,0.0,0.078,0.652,177.026,audio_features,6Bhb59RtPbvA8z6tMiZX5q,https://api.spotify.com/v1/tracks/6Bhb59RtPbvA8z6tMiZX5q,https://api.spotify.com/v1/audio-analysis/6Bhb59RtPbvA8z6tMiZX5q,190791,4,2024,0
1cKHdTo9u0ZymJdPGSh6nq,I Was Never There,"['The Weeknd', 'Gesaffelstein']",81,"My Dear Melancholy,",spotify:track:1cKHdTo9u0ZymJdPGSh6nq,0.323,0.737,10,-4.008,1,0.0335,0.14,0.000162,0.163,0.156,112.923,audio_features,1cKHdTo9u0ZymJdPGSh6nq,https://api.spotify.com/v1/tracks/1cKHdTo9u0ZymJdPGSh6nq,https://api.spotify.com/v1/audio-analysis/1cKHdTo9u0ZymJdPGSh6nq,241067,4,2018,0
6q3zC9dDD4lUNk8nfUztXy,Apologize,"['Timbaland', 'OneRepublic']",72,Shock Value,spotify:track:6q3zC9dDD4lUNk8nfUztXy,0.658,0.602,8,-6.006,1,0.0281,0.0363,0.0,0.102,0.0785,118.026,audio_features,6q3zC9dDD4lUNk8nfUztXy,https://api.spotify.com/v1/tracks/6q3zC9dDD4lUNk8nfUztXy,https://api.spotify.com/v1/audio-analysis/6q3zC9dDD4lUNk8nfUztXy,184400,4,2007,0
59o6ojGNGJOYiVJSzC6Lsa,Memories (feat. Kid Cudi) - 2021 Remix,"['David Guetta', 'Kid Cudi']",69,Memories (feat. Kid Cudi) [2021 Remix],,0.709,0.783,5,-5.944,0,0.0551,0.108,4.1e-05,0.103,0.648,127.043,audio_features,,,,162992,4,2021,1
3hcU1qoBp7OEx1ZchiezDJ,Strangers (2020 Stereo Remaster),['The Kinks'],51,"Lola Versus Powerman and the Moneygoround, Pt. 1",spotify:track:3hcU1qoBp7OEx1ZchiezDJ,0.458,0.423,0,-8.647,1,0.0321,0.254,0.00013,0.118,0.491,126.984,audio_features,3hcU1qoBp7OEx1ZchiezDJ,https://api.spotify.com/v1/tracks/3hcU1qoBp7OEx1ZchiezDJ,https://api.spotify.com/v1/audio-analysis/3hcU1qoBp7OEx1ZchiezDJ,201022,4,1970,0
5JWDt4NZNiZQR8iMenaa7h,Hand Of Blood,['Bullet For My Valentine'],51,Hand Of Blood,spotify:track:5JWDt4NZNiZQR8iMenaa7h,0.375,0.985,8,-2.754,1,0.0936,0.000246,0.0,0.07,0.455,94.468,audio_features,5JWDt4NZNiZQR8iMenaa7h,https://api.spotify.com/v1/tracks/5JWDt4NZNiZQR8iMenaa7h,https://api.spotify.com/v1/audio-analysis/5JWDt4NZNiZQR8iMenaa7h,217453,4,2005,0
1CKcs7j0jxdGDCWrntDQil,Hello Shadow,"['Sugar Jesus', 'Dani Doucette']",50,Hello Shadow,,0.586,0.798,2,-7.359,1,0.0446,0.0239,2.6e-05,0.354,0.145,125.962,audio_features,,,,180952,4,2024,1
6ADSaE87h8Y3lccZlBJdXH,With Or Without You,['U2'],77,The Joshua Tree (Super Deluxe),spotify:track:6ADSaE87h8Y3lccZlBJdXH,0.54,0.429,2,-11.822,1,0.0285,0.000202,0.355,0.141,0.113,110.171,audio_features,6ADSaE87h8Y3lccZlBJdXH,https://api.spotify.com/v1/tracks/6ADSaE87h8Y3lccZlBJdXH,https://api.spotify.com/v1/audio-analysis/6ADSaE87h8Y3lccZlBJdXH,295516,4,1987,0
6kopmMZiyLmw7h66uXcXR7,Valerie (feat. Amy Winehouse) - Version Revisited,"['Mark Ronson', 'Amy Winehouse']",80,Version,spotify:track:6kopmMZiyLmw7h66uXcXR7,0.699,0.83,1,-4.898,1,0.0633,0.00243,0.00024,0.0995,0.889,105.809,audio_features,6kopmMZiyLmw7h66uXcXR7,https://api.spotify.com/v1/tracks/6kopmMZiyLmw7h66uXcXR7,https://api.spotify.com/v1/audio-analysis/6kopmMZiyLmw7h66uXcXR7,219413,4,2007,0
1BJJbSX6muJVF2AK7uH1x4,Move,"['Adam Port', 'Stryv', 'Keinemusik', 'Orso', 'Malachiii']",86,Move,,0.727,0.782,8,-8.529,0,0.042,0.0563,0.336,0.225,0.655,119.992,audio_features,,,,177598,4,2024,1
23RoR84KodL5HWvUTneQ1w,(It Goes Like) Nanana - Edit,['Peggy Gou'],75,(It Goes Like) Nanana [Edit],,0.671,0.876,7,-5.681,0,0.0352,0.12,0.188,0.0823,0.964,129.998,audio_features,,,,231545,4,2023,1
2dIBMHByUGcNPzmYBJ6OAj,Evaluasi,['Hindia'],76,Menari Dengan Bayangan,spotify:track:2dIBMHByUGcNPzmYBJ6OAj,0.609,0.966,7,-4.469,1,0.0571,0.00194,2.83e-06,0.304,0.505,102.014,audio_features,2dIBMHByUGcNPzmYBJ6OAj,https://api.spotify.com/v1/tracks/2dIBMHByUGcNPzmYBJ6OAj,https://api.spotify.com/v1/audio-analysis/2dIBMHByUGcNPzmYBJ6OAj,194469,4,2019,0
0QlOkt8nkZ8zqu8xb2SHU8,Not Fair,"['Niklas Dee', 'Old Jim', 'Enny-Mae']",53,Not Fair,spotify:track:0QlOkt8nkZ8zqu8xb2SHU8,0.733,0.976,5,-5.305,1,0.045,0.0294,7.12e-05,0.25,0.523,144.989,audio_features,0QlOkt8nkZ8zqu8xb2SHU8,https://api.spotify.com/v1/tracks/0QlOkt8nkZ8zqu8xb2SHU8,https://api.spotify.com/v1/audio-analysis/0QlOkt8nkZ8zqu8xb2SHU8,163034,4,2023,0
0dcuGoAIPAT7OrP5CGSVBA,Leftovers,['Dennis Lloyd'],55,Leftovers,spotify:track:0dcuGoAIPAT7OrP5CGSVBA,0.724,0.304,10,-11.462,0,0.23,0.676,0.0,0.104,0.305,153.906,audio_features,0dcuGoAIPAT7OrP5CGSVBA,https://api.spotify.com/v1/tracks/0dcuGoAIPAT7OrP5CGSVBA,https://api.spotify.com/v1/audio-analysis/0dcuGoAIPAT7OrP5CGSVBA,192628,3,2017,0
0agQ9vIV7NP4dntGKLcCXO,Somebody (2024),"['Gotye', 'FISHER', 'Chris Lake', 'Kimbra', 'Sante Sansone']",77,Somebody (2024),,0.848,0.629,0,-6.198,1,0.0424,0.016,0.18,0.049,0.586,130.017,audio_features,,,,153518,4,2024,1
7yWOt3C6vOEOcGl3Sf1rTP,KULT (feat. Jasiah),"['Steve Aoki', 'grandson', 'Jasiah']",50,HiROQUEST: Genesis,spotify:track:7yWOt3C6vOEOcGl3Sf1rTP,0.446,0.832,4,-4.195,0,0.0596,0.000331,0.000784,0.203,0.558,165.983,audio_features,7yWOt3C6vOEOcGl3Sf1rTP,https://api.spotify.com/v1/tracks/7yWOt3C6vOEOcGl3Sf1rTP,https://api.spotify.com/v1/audio-analysis/7yWOt3C6vOEOcGl3Sf1rTP,177150,4,2022,0
4FEcEwbE2vsqhxbTPtiNTL,Summer 91 (Looking Back),['Noizu'],61,Summer 91 (Looking Back),,0.509,0.953,11,-4.954,0,0.0414,0.0159,3.3e-05,0.28,0.406,125.015,audio_features,,,,180000,4,2021,1
5IgFVuxghOxiIYRnjUsqi1,Tuf Tuf Pof Pof,"['MC Reino', 'DJ Malicia', 'Mc Babu', 'MC PR', 'MC Thaizinha']",48,Tuf Tuf Pof Pof,spotify:track:5IgFVuxghOxiIYRnjUsqi1,0.879,0.59,6,-6.891,0,0.15,0.133,0.000159,0.0718,0.784,150.009,audio_features,5IgFVuxghOxiIYRnjUsqi1,https://api.spotify.com/v1/tracks/5IgFVuxghOxiIYRnjUsqi1,https://api.spotify.com/v1/audio-analysis/5IgFVuxghOxiIYRnjUsqi1,162509,4,2022,0
5J82eyFOybkg4WiMNT5zjj,Bananas,"['KERFOR', 'Sailo', 'ThatGurlHanna']",10,Bananas,,0.735,0.728,10,-6.765,0,0.0442,0.00474,0.296,0.0886,0.499,125.974,audio_features,,,,208095,4,2024,1
7ef4DlsgrMEH11cDZd32M6,One Kiss (with Dua Lipa),"['Calvin Harris', 'Dua Lipa']",78,One Kiss (with Dua Lipa),,0.791,0.862,9,-3.24,0,0.11,0.037,2.19e-05,0.0814,0.592,123.994,audio_features,,,,214846,4,2018,1
6Man2d71naZ7numV9PxrUJ,One Final Dance,"['Drenchill', 'Becky Smith']",54,One Final Dance,,0.681,0.878,2,-6.871,0,0.0556,0.0954,0.00196,0.204,0.215,133.026,audio_features,,,,151000,4,2024,1
4xm8yYskQyfZnjRVZrLw8g,Existence,"['Castor & Pollux', 'Matt Dybal']",37,Existence,,0.559,0.9,1,-4.959,1,0.0425,0.00015,0.557,0.127,0.074,137.95,audio_features,,,,165688,4,2024,1
0y9jf79xjr7ip7cEHfJsRZ,Oooh La La,['Alimish'],40,Oooh La La,,0.707,0.89,10,-3.479,1,0.0456,0.0367,2.33e-05,0.0578,0.823,127.026,audio_features,,,,138582,4,2024,1
2gPjpdRFVBRJQI6sitrvC8,Take Me to Vegas,"['HVME', 'Old Jim', 'CERES']",39,Take Me to Vegas,spotify:track:2gPjpdRFVBRJQI6sitrvC8,0.738,0.82,0,-4.992,1,0.208,0.0148,7.79e-06,0.165,0.483,156.137,audio_features,2gPjpdRFVBRJQI6sitrvC8,https://api.spotify.com/v1/tracks/2gPjpdRFVBRJQI6sitrvC8,https://api.spotify.com/v1/audio-analysis/2gPjpdRFVBRJQI6sitrvC8,139423,4,2024,0
71FvjpgB9Z39Icf27VnEzf,Tequila - R3HAB Remix,"['Doc Backer', 'R3HAB']",51,Tequila (R3HAB Remix),,0.58,0.964,10,-4.872,1,0.109,0.0144,0.00417,0.138,0.465,143.09,audio_features,,,,136573,4,2024,1
6eEQoBYSjTLuTFTiksdYNu,Substitution (feat. Julian Perretta) - Extended,"['Purple Disco Machine', 'Kungs', 'Julian Perretta']",38,Substitution (feat. Julian Perretta),spotify:track:6eEQoBYSjTLuTFTiksdYNu,0.793,0.618,8,-6.155,1,0.0488,0.00212,0.00697,0.0702,0.697,124.014,audio_features,6eEQoBYSjTLuTFTiksdYNu,https://api.spotify.com/v1/tracks/6eEQoBYSjTLuTFTiksdYNu,https://api.spotify.com/v1/audio-analysis/6eEQoBYSjTLuTFTiksdYNu,303116,4,2023,0
5OFVzqSeFxGpvDGyHvVeLj,It's Not Right But It's Okay,['Mr. Belt & Wezol'],77,It's Not Right But It's Okay,,0.755,0.86,5,-4.811,0,0.0523,0.0144,7.47e-06,0.344,0.618,128.004,audio_features,,,,152304,4,2024,1
0eEXcw3JLVXcRxYrVYMy68,Electric Relaxation,['A Tribe Called Quest'],65,The Anthology,spotify:track:0eEXcw3JLVXcRxYrVYMy68,0.866,0.534,11,-9.201,1,0.229,0.184,0.266,0.0929,0.841,98.243,audio_features,0eEXcw3JLVXcRxYrVYMy68,https://api.spotify.com/v1/tracks/0eEXcw3JLVXcRxYrVYMy68,https://api.spotify.com/v1/audio-analysis/0eEXcw3JLVXcRxYrVYMy68,226133,4,1999,0
5YkmS18BehACOhIIeUqe6l,I Miss Myself (with HRVY),"['NOTD', 'HRVY']",46,I Miss Myself (with HRVY),spotify:track:5YkmS18BehACOhIIeUqe6l,0.72,0.864,0,-3.249,1,0.208,0.0856,0.0,0.16,0.659,96.048,audio_features,5YkmS18BehACOhIIeUqe6l,https://api.spotify.com/v1/tracks/5YkmS18BehACOhIIeUqe6l,https://api.spotify.com/v1/audio-analysis/5YkmS18BehACOhIIeUqe6l,191612,4,2019,0
0ssxoYXlw70MY4lh3JsI9q,My House Is Not A Home,['d4vd'],63,My House Is Not A Home,spotify:track:0ssxoYXlw70MY4lh3JsI9q,0.572,0.36,3,-9.595,0,0.035,0.774,2.33e-05,0.0848,0.474,116.54,audio_features,0ssxoYXlw70MY4lh3JsI9q,https://api.spotify.com/v1/tracks/0ssxoYXlw70MY4lh3JsI9q,https://api.spotify.com/v1/audio-analysis/0ssxoYXlw70MY4lh3JsI9q,239181,4,2024,0
0b8MRnjacbgVQlvLcg8JGQ,Can't Tame Her,['Zara Larsson'],60,VENUS,spotify:track:0b8MRnjacbgVQlvLcg8JGQ,0.575,0.914,6,-3.201,0,0.14,0.00717,0.000161,0.0973,0.546,182.027,audio_features,0b8MRnjacbgVQlvLcg8JGQ,https://api.spotify.com/v1/tracks/0b8MRnjacbgVQlvLcg8JGQ,https://api.spotify.com/v1/audio-analysis/0b8MRnjacbgVQlvLcg8JGQ,196940,4,2024,0
1mVTQSGoFchL3VVrIa0MeH,Millionaire (feat. André 3000),"['Kelis', 'André 3000']",44,Tasty,spotify:track:1mVTQSGoFchL3VVrIa0MeH,0.686,0.855,11,-6.6,1,0.116,0.0252,0.0,0.037,0.763,176.002,audio_features,1mVTQSGoFchL3VVrIa0MeH,https://api.spotify.com/v1/tracks/1mVTQSGoFchL3VVrIa0MeH,https://api.spotify.com/v1/audio-analysis/1mVTQSGoFchL3VVrIa0MeH,224933,4,2003,0
2WjcCjzBMI7FMYIM6vFRVw,Without You,"['Tungevaag', 'Amero', 'TEN TIMES', 'NOBILEE']",57,Without You,,0.663,0.934,10,-6.994,0,0.0576,0.0785,0.00755,0.0917,0.398,146.004,audio_features,,,,143937,4,2024,1
69Yy9ONnjLBrz4YUSVW4fr,Hero,"['Garonzos', 'ATHYN', 'BOOTY LEAK']",51,Hero,,0.582,0.752,5,-5.496,1,0.0319,0.121,0.0,0.556,0.134,139.981,audio_features,,,,140705,4,2024,1
1Lty1laQpjkzisBZ1dG2R8,Same Heart,"['Zummer', 'Tiinah']",54,Same Heart,,0.654,0.794,10,-5.598,1,0.0314,0.05,0.0,0.291,0.427,127.999,audio_features,,,,152812,4,2024,1
0QzuaeCEEOV40Pn7IvKEny,double take,['Dhruv'],82,rapunzel,spotify:track:0QzuaeCEEOV40Pn7IvKEny,0.656,0.436,8,-11.141,1,0.0744,0.845,0.0,0.221,0.196,109.239,audio_features,0QzuaeCEEOV40Pn7IvKEny,https://api.spotify.com/v1/tracks/0QzuaeCEEOV40Pn7IvKEny,https://api.spotify.com/v1/audio-analysis/0QzuaeCEEOV40Pn7IvKEny,171743,4,2022,0
1TanmIWbaUj5NVwJ3k4XPd,Write This Down,['George Strait'],68,Always Never The Same,spotify:track:1TanmIWbaUj5NVwJ3k4XPd,0.729,0.688,3,-7.468,1,0.0264,0.127,9.44e-06,0.295,0.671,123.867,audio_features,1TanmIWbaUj5NVwJ3k4XPd,https://api.spotify.com/v1/tracks/1TanmIWbaUj5NVwJ3k4XPd,https://api.spotify.com/v1/audio-analysis/1TanmIWbaUj5NVwJ3k4XPd,219600,4,1999,0
4QCwvUs4ob87Tq9VP07Uo3,Loucura,"['Borges', 'MC Cabelinho', 'Veigh', 'RUXN', 'Palma', 'Kizzy']",67,Amor e Ódio,spotify:track:4QCwvUs4ob87Tq9VP07Uo3,0.458,0.677,8,-5.783,1,0.158,0.593,0.0,0.238,0.696,80.344,audio_features,4QCwvUs4ob87Tq9VP07Uo3,https://api.spotify.com/v1/tracks/4QCwvUs4ob87Tq9VP07Uo3,https://api.spotify.com/v1/audio-analysis/4QCwvUs4ob87Tq9VP07Uo3,179945,3,2023,0
2LxdNADWier3MKTei8FbOY,I Was Made For Lovin' You (feat. Nile Rodgers & House Gospel Choir),"['Oliver Heldens', 'Nile Rodgers', 'House Gospel Choir']",65,I Was Made For Lovin' You (feat. Nile Rodgers & House Gospel Choir),,0.686,0.892,10,-3.186,0,0.0498,0.0577,7.11e-06,0.0838,0.752,126.03,audio_features,,,,157205,4,2022,1
6oU4lJaaBWARtNXDBLjnFb,Mansoob,['Kaifi Khalil'],45,Mansoob,spotify:track:6oU4lJaaBWARtNXDBLjnFb,0.554,0.383,9,-14.47,0,0.0446,0.886,1.38e-06,0.117,0.219,140.665,audio_features,6oU4lJaaBWARtNXDBLjnFb,https://api.spotify.com/v1/tracks/6oU4lJaaBWARtNXDBLjnFb,https://api.spotify.com/v1/audio-analysis/6oU4lJaaBWARtNXDBLjnFb,163404,3,2023,0
4O0flSFFNVgVO6Kdnfgi3N,Euphoria,"['Medusa', 'Dylan Baksalara', 'Repulse', 'Gulmee']",51,Euphoria,,0.573,0.881,7,-4.771,1,0.3,0.289,0.0131,0.319,0.229,155.297,audio_features,,,,176903,4,2024,1
3BbD2sqk7P7Rc9V0KF9o4s,My Humps,"['Joshwa', 'Lee Foss']",60,My Humps,,0.862,0.79,4,-8.412,0,0.0672,0.0418,0.00615,0.0746,0.587,129.005,audio_features,,,,186124,4,2021,1
7c1iI6dwdCpHGYT8DGEfab,Uninvited,['Alanis Morissette'],57,The Collection (Standard Edition),spotify:track:7c1iI6dwdCpHGYT8DGEfab,0.38,0.538,2,-5.493,1,0.0313,0.0223,0.00487,0.094,0.193,127.416,audio_features,7c1iI6dwdCpHGYT8DGEfab,https://api.spotify.com/v1/tracks/7c1iI6dwdCpHGYT8DGEfab,https://api.spotify.com/v1/audio-analysis/7c1iI6dwdCpHGYT8DGEfab,276200,4,2005,0
2zLLGT8WWT1dl73TlVL9qs,Mariposa Traicionera - 2020 Remasterizado,['Maná'],71,Revolución De Amor (2020 Remasterizado),spotify:track:2zLLGT8WWT1dl73TlVL9qs,0.811,0.784,5,-4.669,0,0.0345,0.544,0.000131,0.097,0.925,100.989,audio_features,2zLLGT8WWT1dl73TlVL9qs,https://api.spotify.com/v1/tracks/2zLLGT8WWT1dl73TlVL9qs,https://api.spotify.com/v1/audio-analysis/2zLLGT8WWT1dl73TlVL9qs,262926,4,2002,0
6r0GDSVOZ4ZCcLEwvfK2fJ,Let Me Love You,"['Giorgio Gee', 'Matthew Clanton']",54,Let Me Love You,,0.729,0.738,7,-9.535,0,0.0537,0.267,0.0123,0.134,0.601,120.035,audio_features,,,,163333,4,2024,1
2BoWXJfClbDQkZCZsE0Ru7,Savin' Me - 2020 Remaster,['Nickelback'],68,All The Right Reasons (15th Anniversary Expanded Edition),spotify:track:2BoWXJfClbDQkZCZsE0Ru7,0.442,0.805,3,-4.091,1,0.027,0.000606,0.0,0.402,0.558,164.029,audio_features,2BoWXJfClbDQkZCZsE0Ru7,https://api.spotify.com/v1/tracks/2BoWXJfClbDQkZCZsE0Ru7,https://api.spotify.com/v1/audio-analysis/2BoWXJfClbDQkZCZsE0Ru7,219293,4,2005,0
2TXtN9MoV308Y0z1HvyTfV,You Make It Easy,['Jason Aldean'],70,Rearview Town,spotify:track:2TXtN9MoV308Y0z1HvyTfV,0.542,0.571,7,-5.299,1,0.028,0.156,0.0,0.101,0.506,131.877,audio_features,2TXtN9MoV308Y0z1HvyTfV,https://api.spotify.com/v1/tracks/2TXtN9MoV308Y0z1HvyTfV,https://api.spotify.com/v1/audio-analysis/2TXtN9MoV308Y0z1HvyTfV,193227,3,2018,0
1ypwNj8eK2qAMDEs4EiIIX,Miss You - Bonus Track,"['Oliver Tree', 'Robin Schulz']",73,Alone In A Crowd,,0.587,0.742,6,-6.64,0,0.0529,0.0128,0.00107,0.146,0.199,145.007,audio_features,,,,206000,4,2023,1
6PhRhocBXP4y7NpciGmzra,Después De La 1,"['Cris Mj', 'FloyyMenor', 'LOUKI']",87,MJ,spotify:track:6PhRhocBXP4y7NpciGmzra,0.805,0.581,6,-5.091,0,0.0601,0.0303,0.0202,0.0933,0.528,99.973,audio_features,6PhRhocBXP4y7NpciGmzra,https://api.spotify.com/v1/tracks/6PhRhocBXP4y7NpciGmzra,https://api.spotify.com/v1/audio-analysis/6PhRhocBXP4y7NpciGmzra,177600,4,2024,0
4xh98RD1TjVR4nHa47iH72,Furious,"['Ja Rule', 'Vita', 'O1']",54,The Fast and The Furious,spotify:track:4xh98RD1TjVR4nHa47iH72,0.816,0.849,11,-4.41,1,0.26,0.0811,0.0,0.0616,0.844,94.007,audio_features,4xh98RD1TjVR4nHa47iH72,https://api.spotify.com/v1/tracks/4xh98RD1TjVR4nHa47iH72,https://api.spotify.com/v1/audio-analysis/4xh98RD1TjVR4nHa47iH72,258000,4,2001,0
2BtCQtoNGPo74ChfxACqM2,Sorry (with Madonna) - Franky Rizardo Remix,"['BLOND:ISH', 'Madonna', 'Franky Rizardo', 'Eran Hersh', 'Darmon']",50,Sorry (with Madonna) [Franky Rizardo Remix],,0.604,0.961,5,-7.349,0,0.0388,0.000385,0.85,0.253,0.677,128.009,audio_features,,,,195000,4,2023,1
3S9oBeWey0OTJF71TFUzG6,heart suicide,"['JKRS', 'joki']",62,heart suicide,,0.734,0.652,5,-9.303,1,0.0923,0.495,0.0561,0.165,0.36,158.019,audio_features,,,,186123,4,2024,1
4nmDwwaz4eV09GAZPgoZPo,Mesmerized,"['INViDA', 'Alvin Anthony', 'Luxtides']",47,Mesmerized,,0.612,0.937,6,-6.234,1,0.0341,0.000831,0.00295,0.169,0.259,132.075,audio_features,,,,130000,4,2024,1
2DROU2PMffuPfU5obZRxZs,Starlight,['Jon Pardi'],61,Heartache Medication,spotify:track:2DROU2PMffuPfU5obZRxZs,0.639,0.657,0,-5.506,1,0.0257,0.0481,0.0,0.332,0.529,99.954,audio_features,2DROU2PMffuPfU5obZRxZs,https://api.spotify.com/v1/tracks/2DROU2PMffuPfU5obZRxZs,https://api.spotify.com/v1/audio-analysis/2DROU2PMffuPfU5obZRxZs,201540,4,2019,0
6fgIAfNW3pofHWyRQdsL2Q,Panda Eyes,"['Drenchill', 'Maike']",45,Panda Eyes,,0.869,0.862,9,-4.811,0,0.0628,0.00532,0.0077,0.0922,0.719,145.015,audio_features,,,,124109,4,2024,1
0SyxZC4wlqAwf20cHE6Xon,Bulletproof,"['La Roux', 'GAMPER & DADONI']",73,Bulletproof,,0.752,0.771,6,-5.95,1,0.0311,0.00341,1.73e-05,0.0905,0.527,126.02,audio_features,,,,162213,4,2021,1
3eVTExoCwgp10LxJyr8FHt,Higher,['Hidden Lives'],8,Higher,,0.698,0.884,9,-5.444,0,0.0681,0.0911,0.00206,0.076,0.399,126.045,audio_features,,,,177784,4,2024,1
63USmok1OioBzKuWGW9wAg,Nunca Es Suficiente,"['Los Ángeles Azules', 'Natalia Lafourcade']",64,Esto Sí Es Cumbia,spotify:track:63USmok1OioBzKuWGW9wAg,0.789,0.521,5,-5.418,1,0.0403,0.396,0.0,0.0891,0.777,94.003,audio_features,63USmok1OioBzKuWGW9wAg,https://api.spotify.com/v1/tracks/63USmok1OioBzKuWGW9wAg,https://api.spotify.com/v1/audio-analysis/63USmok1OioBzKuWGW9wAg,266213,4,2018,0
1YjHgxtoELN58jOZuzmXO4,All or Nothing,"['Sugar Jesus', 'SAMMY & LESEN', 'Alex Jacquin']",50,All or Nothing,,0.655,0.825,8,-5.143,0,0.0586,0.0552,0.0,0.173,0.287,117.97,audio_features,,,,174915,4,2023,1
3HGwI9qwq5XqBDeZBV3zti,World Hold On (Children of the Sky) - Radio Edit,"['Bob Sinclar', 'Steve Edwards']",74,World Hold On (Children of the Sky) [Radio Edit],spotify:track:3HGwI9qwq5XqBDeZBV3zti,0.738,0.933,8,-1.898,0,0.0946,0.0764,0.000108,0.247,0.633,126.994,audio_features,3HGwI9qwq5XqBDeZBV3zti,https://api.spotify.com/v1/tracks/3HGwI9qwq5XqBDeZBV3zti,https://api.spotify.com/v1/audio-analysis/3HGwI9qwq5XqBDeZBV3zti,199195,4,2006,0
1rEsfHhBFTuTPekF8M5O3f,La Triple T,['TINI'],62,Cupido,spotify:track:1rEsfHhBFTuTPekF8M5O3f,0.766,0.638,11,-2.737,0,0.0902,0.406,0.0,0.2,0.681,92.077,audio_features,1rEsfHhBFTuTPekF8M5O3f,https://api.spotify.com/v1/tracks/1rEsfHhBFTuTPekF8M5O3f,https://api.spotify.com/v1/audio-analysis/1rEsfHhBFTuTPekF8M5O3f,167674,4,2023,0
3lU5ifnFsvW0NM1Uov5gig,Mueve Mami,['Aldo Ranks'],29,Diferente,spotify:track:3lU5ifnFsvW0NM1Uov5gig,0.886,0.873,10,-7.236,0,0.164,0.147,0.0,0.0399,0.823,113.367,audio_features,3lU5ifnFsvW0NM1Uov5gig,https://api.spotify.com/v1/tracks/3lU5ifnFsvW0NM1Uov5gig,https://api.spotify.com/v1/audio-analysis/3lU5ifnFsvW0NM1Uov5gig,127007,4,2003,0
6ho0GyrWZN3mhi9zVRW7xi,Losing It,['FISHER'],70,Losing It,,0.76,0.964,2,-5.844,1,0.0577,0.00181,0.703,0.0975,0.643,125.003,audio_features,,,,248035,4,2018,1
1AY1jww2bAZlXISojevWPA,Somebody's Crying,['Chris Isaak'],49,Forever Blue,spotify:track:1AY1jww2bAZlXISojevWPA,0.54,0.579,5,-8.006,1,0.029,0.203,0.0389,0.256,0.713,114.308,audio_features,1AY1jww2bAZlXISojevWPA,https://api.spotify.com/v1/tracks/1AY1jww2bAZlXISojevWPA,https://api.spotify.com/v1/audio-analysis/1AY1jww2bAZlXISojevWPA,168267,4,1995,0
5fWG4JDot8nHCte7gUdMUS,Pepas - David Guetta Remix - Radio Edit,"['Farruko', 'David Guetta']",58,Pepas (David Guetta Remix - Radio Edit),,0.632,0.952,7,-4.85,1,0.0527,0.0122,0.0119,0.265,0.098,126.967,audio_features,,,,171784,4,2021,1
7fZBQnc0zXwVybgCIrQQil,Belly Dancer,"['Imanbek', 'BYOR']",77,Belly Dancer,,0.845,0.797,1,-4.984,1,0.139,0.0582,5.57e-06,0.167,0.422,121.985,audio_features,,,,151475,4,2022,1
0vR2rIVORmgeKiGIgNT0fV,By Your Side (feat. Tom Grennan),"['Calvin Harris', 'Tom Grennan']",61,By Your Side (feat. Tom Grennan),,0.733,0.96,7,-3.597,1,0.0295,0.0514,0.00199,0.287,0.811,124.01,audio_features,,,,189671,4,2021,1
48lxT5qJF0yYyf2z4wB4xW,Pedro,"['Jaxomy', 'Agatino Romero', 'Raffaella Carrà']",79,Pedro,,0.788,0.936,9,-6.294,1,0.301,0.0229,1.3e-06,0.311,0.844,151.019,audio_features,,,,144846,4,2024,1
2YSBjsqZ2YxwwHi8xqf9ms,Oppa,"['NECROLX', 'YOUK3IV', 'Slowboy']",60,Oppa,spotify:track:2YSBjsqZ2YxwwHi8xqf9ms,0.954,0.957,5,-2.782,1,0.257,0.513,0.348,0.131,0.493,129.969,audio_features,2YSBjsqZ2YxwwHi8xqf9ms,https://api.spotify.com/v1/tracks/2YSBjsqZ2YxwwHi8xqf9ms,https://api.spotify.com/v1/audio-analysis/2YSBjsqZ2YxwwHi8xqf9ms,87000,4,2023,0
5U3i59kbTLrxo46TU1FRnF,People Get Up And Drive Your Funky Soul - Remix,"['James Brown', 'Fred Wesley', ""The J.B.'s""]",57,Motherlode,spotify:track:5U3i59kbTLrxo46TU1FRnF,0.8,0.802,0,-5.439,1,0.166,0.23,0.00379,0.0971,0.82,97.586,audio_features,5U3i59kbTLrxo46TU1FRnF,https://api.spotify.com/v1/tracks/5U3i59kbTLrxo46TU1FRnF,https://api.spotify.com/v1/audio-analysis/5U3i59kbTLrxo46TU1FRnF,544640,4,2003,0
2IueV1qO5Zo2V3oP6vqnly,Without Your Love,"['SANDMO', 'All Is Fine', 'Vinil']",50,Without Your Love,,0.67,0.827,6,-8.218,0,0.197,0.426,0.000181,0.563,0.287,125.178,audio_features,,,,138480,4,2024,1
5ZAb84rDpFVMgFhYNYZhSx,Wherever You Are,"['Sugar Jesus', 'Felix Samuel', 'Dayrunnrs']",53,Wherever You Are,,0.629,0.87,7,-5.418,0,0.0406,0.0162,0.127,0.263,0.329,123.996,audio_features,,,,160645,4,2024,1
1DFLbi4TVAwgYWcV76Rcwa,Ese Guille,"['Kidd Voodoo', 'Pablo Chill-E', 'Swift 047']",62,"Los Rompecorazones, Vol. 2",spotify:track:1DFLbi4TVAwgYWcV76Rcwa,0.77,0.795,4,-2.868,0,0.0441,0.231,0.0,0.111,0.737,98.017,audio_features,1DFLbi4TVAwgYWcV76Rcwa,https://api.spotify.com/v1/tracks/1DFLbi4TVAwgYWcV76Rcwa,https://api.spotify.com/v1/audio-analysis/1DFLbi4TVAwgYWcV76Rcwa,154463,4,2024,0
2rWPmIFTC3VJLMTVeNb5AM,"Do U Know (From ""Khel Khel Mein"")","['Diljit Dosanjh', 'Tanishk Bagchi', 'Jaani', 'B Praak']",58,"Do U Know (From ""Khel Khel Mein"")",spotify:track:2rWPmIFTC3VJLMTVeNb5AM,0.824,0.742,10,-3.761,1,0.0518,0.0402,0.000101,0.0763,0.308,99.931,audio_features,2rWPmIFTC3VJLMTVeNb5AM,https://api.spotify.com/v1/tracks/2rWPmIFTC3VJLMTVeNb5AM,https://api.spotify.com/v1/audio-analysis/2rWPmIFTC3VJLMTVeNb5AM,169250,4,2024,0
0B3H6se7MYo3D7BmzfvdVN,The Parade,"['Joel Corry', 'Da Hool']",57,The Parade,,0.793,0.886,10,-5.071,0,0.0445,0.000755,0.878,0.296,0.285,124.04,audio_features,,,,158724,4,2022,1
0JZL0NEim4Pel5i4Z8h7JV,DEAD,"['¥$', 'Future', 'Lil Durk']",54,DEAD,spotify:track:0JZL0NEim4Pel5i4Z8h7JV,0.868,0.425,11,-10.0,1,0.388,0.0455,3.86e-05,0.108,0.145,134.044,audio_features,0JZL0NEim4Pel5i4Z8h7JV,https://api.spotify.com/v1/tracks/0JZL0NEim4Pel5i4Z8h7JV,https://api.spotify.com/v1/audio-analysis/0JZL0NEim4Pel5i4Z8h7JV,263340,4,2024,0
20on25jryn53hWghthWWW3,Do It To It,"['ACRAZE', 'Cherish']",75,Do It To It,,0.854,0.806,11,-8.262,0,0.0886,0.0209,0.0542,0.0703,0.637,124.927,audio_features,,,,157890,4,2021,1
2WrldKXSBVbNNm3A9vJryi,Dance Now (feat. Kenny Mason),"['JID', 'Kenny Mason']",65,The Forever Story (Extended Version),spotify:track:2WrldKXSBVbNNm3A9vJryi,0.782,0.476,1,-10.972,1,0.239,0.0942,2.2e-05,0.162,0.27,135.024,audio_features,2WrldKXSBVbNNm3A9vJryi,https://api.spotify.com/v1/tracks/2WrldKXSBVbNNm3A9vJryi,https://api.spotify.com/v1/audio-analysis/2WrldKXSBVbNNm3A9vJryi,227556,4,2022,0
4zK8SS2OrqAmxaf7tPIaeb,Sway,"['K!llx', 'B.R.T', 'CMAGIC5']",49,Sway,,0.806,0.803,5,-7.29,0,0.0607,0.0229,0.00453,0.148,0.767,126.025,audio_features,,,,146414,4,2023,1
31mzt4ZV8C0f52pIz1NSwd,Shut up My Moms Calling (Sped up),['Hotel Ugly'],78,Shut up My Moms Calling (Sped up),spotify:track:31mzt4ZV8C0f52pIz1NSwd,0.653,0.474,5,-10.899,0,0.103,0.312,6.65e-06,0.119,0.361,85.024,audio_features,31mzt4ZV8C0f52pIz1NSwd,https://api.spotify.com/v1/tracks/31mzt4ZV8C0f52pIz1NSwd,https://api.spotify.com/v1/audio-analysis/31mzt4ZV8C0f52pIz1NSwd,135529,4,2022,0
3cpGIvXBgAmv64M5JugkXR,Que Vuelva,"['Kany García', 'Carla Morrison']",60,GARCÍA,spotify:track:3cpGIvXBgAmv64M5JugkXR,0.563,0.285,5,-9.207,1,0.059,0.823,0.0,0.0704,0.243,106.377,audio_features,3cpGIvXBgAmv64M5JugkXR,https://api.spotify.com/v1/tracks/3cpGIvXBgAmv64M5JugkXR,https://api.spotify.com/v1/audio-analysis/3cpGIvXBgAmv64M5JugkXR,166816,5,2024,0
191tgHGY7Jlof9nC5PoIfu,Money Don't Sleep,"['Ilkay Sencan', 'Tima Dee']",39,Money Don't Sleep,,0.809,0.906,9,-5.222,0,0.097,0.00199,0.756,0.168,0.802,128.001,audio_features,,,,125911,4,2024,1
4Vk88sw6p8UXWtmUrlB2dR,Only Need My Baby,"['C-Ro', 'Level 8', 'Don Bnnr']",51,Only Need My Baby,,0.641,0.925,8,-4.639,0,0.0388,0.00092,0.000688,0.443,0.248,135.005,audio_features,,,,125000,4,2024,1
0JP9xo3adEtGSdUEISiszL,Moonlight,['XXXTENTACION'],81,?,spotify:track:0JP9xo3adEtGSdUEISiszL,0.921,0.537,9,-5.723,0,0.0804,0.556,0.00404,0.102,0.711,128.009,audio_features,0JP9xo3adEtGSdUEISiszL,https://api.spotify.com/v1/tracks/0JP9xo3adEtGSdUEISiszL,https://api.spotify.com/v1/audio-analysis/0JP9xo3adEtGSdUEISiszL,135090,4,2018,0
7kFKk1Bs6Z3lw2hGEr7HZX,Menta,['zzoilo'],37,Menta,spotify:track:7kFKk1Bs6Z3lw2hGEr7HZX,0.79,0.452,10,-9.702,1,0.0689,0.159,0.214,0.0617,0.86,115.014,audio_features,7kFKk1Bs6Z3lw2hGEr7HZX,https://api.spotify.com/v1/tracks/7kFKk1Bs6Z3lw2hGEr7HZX,https://api.spotify.com/v1/audio-analysis/7kFKk1Bs6Z3lw2hGEr7HZX,173848,4,2021,0
7f1tZNtc1t456ybBsl5sfK,Pula Fora - Ao Vivo,"['Murilo Huff', 'Hugo & Guilherme']",74,Fortaleza (Ao Vivo),spotify:track:7f1tZNtc1t456ybBsl5sfK,0.727,0.837,8,-4.139,1,0.118,0.451,0.0,0.463,0.866,137.983,audio_features,7f1tZNtc1t456ybBsl5sfK,https://api.spotify.com/v1/tracks/7f1tZNtc1t456ybBsl5sfK,https://api.spotify.com/v1/audio-analysis/7f1tZNtc1t456ybBsl5sfK,149323,4,2024,0
6IrBgAF2nSiwrdbIcaCKnp,The Happening,['The Supremes'],39,The Story Of The Supremes,spotify:track:6IrBgAF2nSiwrdbIcaCKnp,0.306,0.739,8,-7.488,1,0.0579,0.0571,0.0,0.134,0.674,172.416,audio_features,6IrBgAF2nSiwrdbIcaCKnp,https://api.spotify.com/v1/tracks/6IrBgAF2nSiwrdbIcaCKnp,https://api.spotify.com/v1/audio-analysis/6IrBgAF2nSiwrdbIcaCKnp,170467,4,2008,0
0rg1EY61sG50uj469zaXY7,Super Woman - Nathassia Radio Remix,"['Stacey Jackson', 'Nathassia']",36,Super Woman (The Remixes),,0.595,0.962,6,-0.749,1,0.176,0.19,1.93e-06,0.13,0.479,132.909,audio_features,,,,142556,4,2024,1
3xbZU7KENdHZrX99VDNGwx,Bathwater,['No Doubt'],49,Return Of Saturn,spotify:track:3xbZU7KENdHZrX99VDNGwx,0.624,0.732,4,-4.931,0,0.0543,0.412,0.0,0.33,0.619,145.929,audio_features,3xbZU7KENdHZrX99VDNGwx,https://api.spotify.com/v1/tracks/3xbZU7KENdHZrX99VDNGwx,https://api.spotify.com/v1/audio-analysis/3xbZU7KENdHZrX99VDNGwx,242800,4,2000,0
4vEE3lzBLXBN3RxyGtZNir,Neva Play (feat. RM of BTS),"['Megan Thee Stallion', 'RM']",63,MEGAN: ACT II,spotify:track:4vEE3lzBLXBN3RxyGtZNir,0.829,0.716,2,-5.999,1,0.261,0.0255,0.0,0.0908,0.747,160.042,audio_features,4vEE3lzBLXBN3RxyGtZNir,https://api.spotify.com/v1/tracks/4vEE3lzBLXBN3RxyGtZNir,https://api.spotify.com/v1/audio-analysis/4vEE3lzBLXBN3RxyGtZNir,157585,4,2024,0
53BpTC3cYgRfUVxqbNVb8w,Rip,"['Zummer', 'Elle Sloan']",52,Rip,,0.746,0.826,11,-5.111,0,0.0684,0.0385,0.0,0.247,0.835,130.014,audio_features,,,,125538,3,2024,1
29iBq2XErmuCwpsCXb7la3,Loveline,"['BYOR', 'joki']",46,Loveline,,0.583,0.912,11,-6.133,0,0.081,0.033,0.624,0.453,0.641,131.049,audio_features,,,,135572,4,2024,1
2UijQcg9x42vsbXYh0PzPO,Oh My Love,['ConKi'],63,Oh My Love,,0.635,0.809,8,-5.642,0,0.0421,0.468,0.000407,0.1,0.0889,123.978,audio_features,,,,164516,4,2024,1
3Jm4jlq8Tl9ejmyVBwmSQ2,Mexicano,"['Lefty Sm', 'Dharius']",62,Mexicano,spotify:track:3Jm4jlq8Tl9ejmyVBwmSQ2,0.854,0.695,11,-7.714,0,0.0702,0.287,0.0,0.0764,0.661,124.082,audio_features,3Jm4jlq8Tl9ejmyVBwmSQ2,https://api.spotify.com/v1/tracks/3Jm4jlq8Tl9ejmyVBwmSQ2,https://api.spotify.com/v1/audio-analysis/3Jm4jlq8Tl9ejmyVBwmSQ2,174194,4,2022,0
3tILtnU9E2GomUfUnRAKfC,Last Bus - Cutmore Radio Mix,"['Susie Vanner', 'Cutmore']",35,That Kind Of Love (Special Edition),,0.821,0.843,7,-8.249,1,0.154,0.0011,0.101,0.389,0.553,127.951,audio_features,,,,138750,4,2024,1
1SzxeLmEx1tr9EcPoCzT9d,Safe,"['MarchY', 'Tiinah']",42,Safe,,0.744,0.7,9,-9.263,1,0.085,0.297,3.98e-05,0.27,0.327,121.956,audio_features,,,,162510,4,2024,1
2VdVgVfPtDeJqJe3nP7lt7,No requests,['Galion'],0,No requests,,0.575,0.835,11,-6.941,0,0.101,0.0698,0.000212,0.201,0.426,133.094,audio_features,,,,180451,4,2024,1
0Dno6XiSgDHndp4vwvPOBa,Daydreaming,['Corm!!'],44,Daydreaming,,0.504,0.941,11,-4.515,0,0.112,0.000734,0.000335,0.0845,0.181,164.979,audio_features,,,,199636,4,2024,1
62zKJrpbLxz6InR3tGyr7o,JACKBOYS,['JACKBOYS'],50,JACKBOYS,spotify:track:62zKJrpbLxz6InR3tGyr7o,0.413,0.13,0,-25.166,0,0.0336,0.9,0.82,0.111,0.0676,123.342,audio_features,62zKJrpbLxz6InR3tGyr7o,https://api.spotify.com/v1/tracks/62zKJrpbLxz6InR3tGyr7o,https://api.spotify.com/v1/audio-analysis/62zKJrpbLxz6InR3tGyr7o,46837,1,2019,0
6gdDu39yYqPcaTgCwYEW8i,Turn On The Lights again.. (feat. Future),"['Fred again..', 'Swedish House Mafia', 'Future']",63,Turn On The Lights again.. (feat. Future),,0.683,0.887,6,-4.944,0,0.0497,0.0125,0.446,0.318,0.551,132.007,audio_features,,,,267946,4,2022,1
3nEHrvNNtgLv9rneTAYVr4,Heaven Takes You Home (feat. Connie Constance),"['Swedish House Mafia', 'Connie Constance']",73,Paradise Again,,0.665,0.738,0,-5.931,0,0.0379,0.0124,0.00598,0.0923,0.0389,125.037,audio_features,,,,214071,4,2022,1
7ndb8rYZXPCUDMfjyfieeU,Still - Live,['Hillsong Worship'],48,Ultimate Worship: Hillsong (Live),spotify:track:7ndb8rYZXPCUDMfjyfieeU,0.386,0.457,0,-6.774,1,0.0301,0.324,0.0,0.0956,0.166,139.679,audio_features,7ndb8rYZXPCUDMfjyfieeU,https://api.spotify.com/v1/tracks/7ndb8rYZXPCUDMfjyfieeU,https://api.spotify.com/v1/audio-analysis/7ndb8rYZXPCUDMfjyfieeU,320507,4,2005,0
0RgUxB0pyyzPm5apCmBnHZ,Tu Es Foutu,"['ConKi', 'B.R.T', 'NAJA']",59,Tu Es Foutu,,0.787,0.615,11,-10.815,1,0.0975,0.0895,0.0101,0.0799,0.43,130.008,audio_features,,,,123903,4,2022,1
3D9iV6cYkYJRAPFO6DRKIE,Jealous Guy - Remastered 2010,['John Lennon'],63,Imagine,spotify:track:3D9iV6cYkYJRAPFO6DRKIE,0.489,0.389,4,-11.653,0,0.0284,0.877,0.32,0.105,0.254,131.366,audio_features,3D9iV6cYkYJRAPFO6DRKIE,https://api.spotify.com/v1/tracks/3D9iV6cYkYJRAPFO6DRKIE,https://api.spotify.com/v1/audio-analysis/3D9iV6cYkYJRAPFO6DRKIE,257787,4,1971,0
3lpDrxUkr0tIe1kmJvdK7d,YYZ,['Rush'],53,Moving Pictures (2011 Remaster),spotify:track:3lpDrxUkr0tIe1kmJvdK7d,0.51,0.919,7,-8.244,1,0.0593,0.00205,0.809,0.068,0.386,141.053,audio_features,3lpDrxUkr0tIe1kmJvdK7d,https://api.spotify.com/v1/tracks/3lpDrxUkr0tIe1kmJvdK7d,https://api.spotify.com/v1/audio-analysis/3lpDrxUkr0tIe1kmJvdK7d,265840,4,1981,0
1S1YSXdT2CLQbSKTUdFsHp,Cola Song,['Jost'],43,Cola Song,,0.696,0.941,8,-4.553,1,0.0389,0.00175,0.0502,0.229,0.517,140.012,audio_features,,,,159428,4,2024,1
4s5c5vqVno63R0QvWCiDMN,Leuchtturm,['Nena'],56,Nena,spotify:track:4s5c5vqVno63R0QvWCiDMN,0.579,0.606,0,-10.613,1,0.0415,0.0189,0.00216,0.0368,0.415,115.287,audio_features,4s5c5vqVno63R0QvWCiDMN,https://api.spotify.com/v1/tracks/4s5c5vqVno63R0QvWCiDMN,https://api.spotify.com/v1/audio-analysis/4s5c5vqVno63R0QvWCiDMN,194400,4,1983,0
5UHuuQGEgMbZrYnHjQG9ny,Take on Me - Kygo Remix,"['a-ha', 'Kygo']",52,Take on Me (Kygo Remix),spotify:track:5UHuuQGEgMbZrYnHjQG9ny,0.535,0.78,9,-6.008,1,0.113,0.159,0.000761,0.137,0.622,179.964,audio_features,5UHuuQGEgMbZrYnHjQG9ny,https://api.spotify.com/v1/tracks/5UHuuQGEgMbZrYnHjQG9ny,https://api.spotify.com/v1/audio-analysis/5UHuuQGEgMbZrYnHjQG9ny,226667,4,2015,0
37l31PrCNsg8baUjarNAi9,I Can't Handle Change,['Roar'],77,I Can't Handle Change,spotify:track:37l31PrCNsg8baUjarNAi9,0.247,0.438,5,-8.478,1,0.0358,0.0449,0.000942,0.111,0.391,185.703,audio_features,37l31PrCNsg8baUjarNAi9,https://api.spotify.com/v1/tracks/37l31PrCNsg8baUjarNAi9,https://api.spotify.com/v1/audio-analysis/37l31PrCNsg8baUjarNAi9,198213,3,2010,0
4ASOMWcJUrwEpjJy4GEijz,California Dreamin' (feat. High Jinx),"['Chris Lorenzo', 'High Jinx']",65,California Dreamin' (feat. High Jinx),,0.685,0.911,9,-4.977,1,0.144,0.00552,0.0247,0.285,0.351,128.02,audio_features,,,,196899,4,2021,1
2FVMbLuIxo0dz3KLXgN6Jh,24,['Money Man'],62,Epidemic,spotify:track:2FVMbLuIxo0dz3KLXgN6Jh,0.842,0.715,2,-6.03,1,0.0912,0.0265,0.0554,0.0831,0.428,126.021,audio_features,2FVMbLuIxo0dz3KLXgN6Jh,https://api.spotify.com/v1/tracks/2FVMbLuIxo0dz3KLXgN6Jh,https://api.spotify.com/v1/audio-analysis/2FVMbLuIxo0dz3KLXgN6Jh,160952,4,2020,0
6tsojOQ5wHaIjKqIryLZK6,All My Life,['Foo Fighters'],70,One By One (Expanded Edition),spotify:track:6tsojOQ5wHaIjKqIryLZK6,0.577,0.604,5,-5.703,1,0.0495,0.000218,0.000579,0.477,0.637,167.719,audio_features,6tsojOQ5wHaIjKqIryLZK6,https://api.spotify.com/v1/tracks/6tsojOQ5wHaIjKqIryLZK6,https://api.spotify.com/v1/audio-analysis/6tsojOQ5wHaIjKqIryLZK6,263440,4,2002,0
3wGCPlQ2wuOldRAyikdyWh,Traindo No Escuro - Ao Vivo,"['Clayton & Romário', 'Simone Mendes']",56,Traindo No Escuro (Ao Vivo),spotify:track:3wGCPlQ2wuOldRAyikdyWh,0.431,0.743,0,-4.298,0,0.0634,0.773,0.0,0.222,0.483,110.897,audio_features,3wGCPlQ2wuOldRAyikdyWh,https://api.spotify.com/v1/tracks/3wGCPlQ2wuOldRAyikdyWh,https://api.spotify.com/v1/audio-analysis/3wGCPlQ2wuOldRAyikdyWh,202561,4,2024,0
7a014uMHF3nlqzXCxV551C,Soulshine,['Allman Brothers Band'],51,Where It All Begins,spotify:track:7a014uMHF3nlqzXCxV551C,0.476,0.556,10,-6.501,1,0.0274,0.125,0.0117,0.0898,0.559,135.624,audio_features,7a014uMHF3nlqzXCxV551C,https://api.spotify.com/v1/tracks/7a014uMHF3nlqzXCxV551C,https://api.spotify.com/v1/audio-analysis/7a014uMHF3nlqzXCxV551C,403507,4,1994,0
1O28S9MYZONNh5PNG1bYeC,My Favourite Game,['Odymel'],51,My Favourite Game,,0.588,0.977,10,-4.205,1,0.0513,0.000807,9.75e-05,0.0923,0.543,147.98,audio_features,,,,203015,4,2024,1
052SluA0wYuapSVe9VzK6m,When Love Takes Over,['VARGENTA'],50,When Love Takes Over,,0.603,0.824,0,-6.55,1,0.0638,0.147,2.75e-05,0.345,0.47,144.835,audio_features,,,,117952,4,2023,1
2ORqBdg1ALBRZrXwOkwO8L,Time To Say Goodbye,"['Blasterjaxx', 'Timmy Trumpet']",63,Time To Say Goodbye,spotify:track:2ORqBdg1ALBRZrXwOkwO8L,0.214,0.622,2,-3.479,1,0.0405,0.0967,0.0,0.158,0.112,148.656,audio_features,2ORqBdg1ALBRZrXwOkwO8L,https://api.spotify.com/v1/tracks/2ORqBdg1ALBRZrXwOkwO8L,https://api.spotify.com/v1/audio-analysis/2ORqBdg1ALBRZrXwOkwO8L,190400,4,2024,0
0DWdj2oZMBFSzRsi2Cvfzf,TQG,"['KAROL G', 'Shakira']",81,MAÑANA SERÁ BONITO,spotify:track:0DWdj2oZMBFSzRsi2Cvfzf,0.587,0.647,4,-3.385,0,0.327,0.619,0.0,0.106,0.686,90.123,audio_features,0DWdj2oZMBFSzRsi2Cvfzf,https://api.spotify.com/v1/tracks/0DWdj2oZMBFSzRsi2Cvfzf,https://api.spotify.com/v1/audio-analysis/0DWdj2oZMBFSzRsi2Cvfzf,197933,4,2023,0
3jTWNaSfBQvv3HPTqQjkkM,Bad Things,['I Prevail'],58,TRUE POWER,spotify:track:3jTWNaSfBQvv3HPTqQjkkM,0.5,0.844,5,-5.263,0,0.064,0.000791,9.54e-05,0.274,0.141,92.044,audio_features,3jTWNaSfBQvv3HPTqQjkkM,https://api.spotify.com/v1/tracks/3jTWNaSfBQvv3HPTqQjkkM,https://api.spotify.com/v1/audio-analysis/3jTWNaSfBQvv3HPTqQjkkM,228261,4,2022,0
0pIiCv0GdhtsOjCJ5Y7zHj,Morenita,"['HUGEL', 'Cumbiafrica']",69,Morenita,,0.639,0.769,1,-5.077,1,0.0383,0.000701,0.742,0.0553,0.177,123.983,audio_features,,,,176491,4,2021,1
5Kg5OaXPVPc0O7isp3g3Zc,Jambo,"['Zummer', 'Janethan']",43,Jambo,,0.675,0.952,7,-4.424,0,0.0581,0.0115,0.124,0.112,0.653,123.974,audio_features,,,,134637,4,2023,1
6uflD5CJQvJ5agADZxw50K,Chemicals,"['Madism', 'Thierry Von Der Warth']",59,Chemicals,,0.712,0.82,2,-6.743,1,0.0402,0.422,0.00181,0.161,0.195,131.996,audio_features,,,,186589,4,2024,1
6giT20TtwGt7N9nmUtTmKT,Little Bit Louder,['Mimi Webb'],50,Seven Shades of Heartbreak,spotify:track:6giT20TtwGt7N9nmUtTmKT,0.719,0.731,2,-5.211,1,0.0486,0.0601,0.0,0.14,0.588,116.053,audio_features,6giT20TtwGt7N9nmUtTmKT,https://api.spotify.com/v1/tracks/6giT20TtwGt7N9nmUtTmKT,https://api.spotify.com/v1/audio-analysis/6giT20TtwGt7N9nmUtTmKT,155757,4,2021,0
1Kp6WFxRzc0sRBmGSgIYat,Gang Related,['Logic'],57,Under Pressure (Deluxe),spotify:track:1Kp6WFxRzc0sRBmGSgIYat,0.599,0.856,10,-7.089,0,0.0406,0.204,0.0177,0.278,0.777,131.95,audio_features,1Kp6WFxRzc0sRBmGSgIYat,https://api.spotify.com/v1/tracks/1Kp6WFxRzc0sRBmGSgIYat,https://api.spotify.com/v1/audio-analysis/1Kp6WFxRzc0sRBmGSgIYat,167320,4,2014,0
3GYlQmwfBDo7imFyGPhrl7,Say My Name,"['Dimitri Vegas & Like Mike', 'Regard', 'Dimitri Vegas']",61,Say My Name,spotify:track:3GYlQmwfBDo7imFyGPhrl7,0.729,0.788,10,-4.832,0,0.0908,0.0703,0.0,0.115,0.857,118.039,audio_features,3GYlQmwfBDo7imFyGPhrl7,https://api.spotify.com/v1/tracks/3GYlQmwfBDo7imFyGPhrl7,https://api.spotify.com/v1/audio-analysis/3GYlQmwfBDo7imFyGPhrl7,159536,4,2020,0
3C39BgVuWsJCJWOMYIoi9C,Be Happy,['347aidan'],46,Misfit*,spotify:track:3C39BgVuWsJCJWOMYIoi9C,0.692,0.257,11,-17.159,0,0.0924,0.564,0.0435,0.25,0.204,91.983,audio_features,3C39BgVuWsJCJWOMYIoi9C,https://api.spotify.com/v1/tracks/3C39BgVuWsJCJWOMYIoi9C,https://api.spotify.com/v1/audio-analysis/3C39BgVuWsJCJWOMYIoi9C,202240,4,2020,0
2CV5XAinY6Fzwjx8tfAHEs,Poor Jack,"[""Plain White T's""]",27,The Jack 2 Pack (The Nightmare Before Christmas),spotify:track:2CV5XAinY6Fzwjx8tfAHEs,0.555,0.583,10,-7.731,0,0.226,0.724,0.0,0.231,0.432,107.162,audio_features,2CV5XAinY6Fzwjx8tfAHEs,https://api.spotify.com/v1/tracks/2CV5XAinY6Fzwjx8tfAHEs,https://api.spotify.com/v1/audio-analysis/2CV5XAinY6Fzwjx8tfAHEs,154000,4,2006,0
6pUHahxNiDilHIligMoHJo,Heartstrings,['Bobby Harvey'],48,Heartstrings,,0.643,0.844,3,-5.651,1,0.0434,0.355,0.000314,0.374,0.641,141.975,audio_features,,,,138613,4,2024,1
2u7tDWQ6LX0Kw1LiK1jaok,Calypso,"['Luis Fonsi', 'Stefflon Don']",56,VIDA,spotify:track:2u7tDWQ6LX0Kw1LiK1jaok,0.863,0.84,1,-3.7,0,0.0587,0.158,0.0,0.368,0.934,109.977,audio_features,2u7tDWQ6LX0Kw1LiK1jaok,https://api.spotify.com/v1/tracks/2u7tDWQ6LX0Kw1LiK1jaok,https://api.spotify.com/v1/audio-analysis/2u7tDWQ6LX0Kw1LiK1jaok,200973,4,2019,0
2nGFzvICaeEWjIrBrL2RAx,Put Your Records On,['Corinne Bailey Rae'],77,Corinne Bailey Rae,spotify:track:2nGFzvICaeEWjIrBrL2RAx,0.739,0.511,9,-7.844,1,0.0362,0.167,1.34e-06,0.133,0.542,96.038,audio_features,2nGFzvICaeEWjIrBrL2RAx,https://api.spotify.com/v1/tracks/2nGFzvICaeEWjIrBrL2RAx,https://api.spotify.com/v1/audio-analysis/2nGFzvICaeEWjIrBrL2RAx,215360,4,2006,0
2bL2gyO6kBdLkNSkxXNh6x,Animals,['Maroon 5'],79,V,spotify:track:2bL2gyO6kBdLkNSkxXNh6x,0.279,0.742,4,-6.46,0,0.0898,0.000185,0.0,0.593,0.328,189.868,audio_features,2bL2gyO6kBdLkNSkxXNh6x,https://api.spotify.com/v1/tracks/2bL2gyO6kBdLkNSkxXNh6x,https://api.spotify.com/v1/audio-analysis/2bL2gyO6kBdLkNSkxXNh6x,231013,4,2014,0
70HDHd7wrA4SPy1pHHoXrJ,Bad Karma,"['B.R.T', 'Robbie Rosen']",46,Bad Karma,,0.803,0.792,7,-5.625,0,0.129,0.0357,0.00955,0.161,0.58,123.992,audio_features,,,,150972,4,2024,1
3kKbRNJmzSWdDgfKqJ9Eck,Options,['Hippie Sabotage'],54,Options,spotify:track:3kKbRNJmzSWdDgfKqJ9Eck,0.411,0.523,11,-11.786,1,0.241,0.782,9.08e-06,0.293,0.205,144.738,audio_features,3kKbRNJmzSWdDgfKqJ9Eck,https://api.spotify.com/v1/tracks/3kKbRNJmzSWdDgfKqJ9Eck,https://api.spotify.com/v1/audio-analysis/3kKbRNJmzSWdDgfKqJ9Eck,220727,4,2016,0
0w7JPlp7eEQI2EKW3ayXrv,Drugs From Amsterdam,['Mau P'],70,Drugs From Amsterdam,,0.686,0.928,8,-10.38,1,0.0527,0.0316,0.727,0.0576,0.631,124.986,audio_features,,,,235785,4,2022,1
6g4FbLU3XJmczmR1JjHnyg,Fractures,"['ILLENIUM', 'Nevve']",57,Awake,spotify:track:6g4FbLU3XJmczmR1JjHnyg,0.406,0.711,4,-3.064,1,0.0436,0.373,0.00195,0.139,0.268,159.862,audio_features,6g4FbLU3XJmczmR1JjHnyg,https://api.spotify.com/v1/tracks/6g4FbLU3XJmczmR1JjHnyg,https://api.spotify.com/v1/audio-analysis/6g4FbLU3XJmczmR1JjHnyg,245250,4,2017,0
2NcKDnBIn0bxeSUrJabAys,Top Of The Crowd,"['Sevek', 'Black Box']",37,Top Of The Crowd,,0.678,0.865,2,-6.698,0,0.0306,0.00123,0.561,0.131,0.286,126.983,audio_features,,,,154290,4,2024,1
2cCw1foacwPOpRB6QNLUgW,Mentiras Bonitas,['Diego Verdaguer'],58,Mexicano Hasta Las Pampas,spotify:track:2cCw1foacwPOpRB6QNLUgW,0.737,0.367,7,-8.323,1,0.0311,0.516,4.46e-05,0.108,0.748,117.957,audio_features,2cCw1foacwPOpRB6QNLUgW,https://api.spotify.com/v1/tracks/2cCw1foacwPOpRB6QNLUgW,https://api.spotify.com/v1/audio-analysis/2cCw1foacwPOpRB6QNLUgW,177919,4,2009,0
7zx1i0jGcFwMBurajgKlO7,Black Magic,['Jonasu'],55,Black Magic,,0.812,0.634,8,-4.96,1,0.163,0.0564,0.0,0.276,0.463,124.074,audio_features,,,,174193,4,2020,1
3cL9ePuG6NGlmUmXEbOfpG,Todo Empezo,['Eddie Santiago'],60,De Verdad (15 Super Exitos),spotify:track:3cL9ePuG6NGlmUmXEbOfpG,0.486,0.818,7,-7.497,1,0.0378,0.528,0.000791,0.189,0.894,85.792,audio_features,3cL9ePuG6NGlmUmXEbOfpG,https://api.spotify.com/v1/tracks/3cL9ePuG6NGlmUmXEbOfpG,https://api.spotify.com/v1/audio-analysis/3cL9ePuG6NGlmUmXEbOfpG,295333,4,1996,0
4uRxhu6ga4eIWUBz5h3Wtd,Afraid To Feel - David Guetta & Dyro Remix,"['LF SYSTEM', 'David Guetta', 'Dyro']",54,Afraid To Feel (David Guetta & Dyro Remix),,0.567,0.964,8,-5.305,1,0.387,0.00722,0.000304,0.339,0.386,128.377,audio_features,,,,142509,4,2022,1
2dQzfKRaMKUCQgMpOtpLTh,Bella ciao - HUGEL Remix,"['El Profesor', 'HUGEL']",62,Bella ciao (HUGEL Remix),,0.842,0.488,11,-7.856,0,0.0844,0.218,0.00718,0.0877,0.647,126.019,audio_features,,,,164954,4,2018,1
4OelNEcxPGoCOU29fchcsv,MASCARA,['XG'],60,MASCARA,spotify:track:4OelNEcxPGoCOU29fchcsv,0.794,0.877,9,-3.608,0,0.0827,0.0482,1.99e-06,0.241,0.506,119.013,audio_features,4OelNEcxPGoCOU29fchcsv,https://api.spotify.com/v1/tracks/4OelNEcxPGoCOU29fchcsv,https://api.spotify.com/v1/audio-analysis/4OelNEcxPGoCOU29fchcsv,191440,4,2022,0
7MIhUdNJtaOnDmC5nBC1fb,Deep Down (feat. Never Dull),"['Alok', 'Ella Eyre', 'Kenny Dope', 'Never Dull']",76,Deep Down (feat. Never Dull),,0.687,0.818,0,-4.221,1,0.0778,0.0112,0.0,0.248,0.886,125.952,audio_features,,,,165752,4,2022,1
6quGF3Kvzd5WYEEuCmvCe1,"World, Hold On - FISHER Rework","['Bob Sinclar', 'Steve Edwards', 'FISHER']",65,"World, Hold On (FISHER Rework)",,0.772,0.882,1,-5.242,0,0.0589,0.00614,0.00627,0.136,0.891,127.006,audio_features,,,,178304,4,2022,1
2yEHX6MqAXPyD7bm47A2Br,Pump It Louder,"['Tiësto', 'Black Eyed Peas']",62,Pump It Louder,,0.66,0.942,4,-2.273,1,0.185,0.00789,1.76e-05,0.834,0.543,126.017,audio_features,,,,158571,4,2022,1
4M9kHcpZQZNzRnAhIQ1YLM,The World Is Mine,"['ConKi', 'B.R.T', 'Shiah Maisel']",60,The World Is Mine,,0.736,0.711,5,-6.272,1,0.0625,0.0082,6.66e-05,0.168,0.317,123.993,audio_features,,,,159783,4,2021,1
3lsiqFV6SKhBgzQCpuM1JR,Miracle (with Ellie Goulding) - Mau P Remix,"['Calvin Harris', 'Ellie Goulding', 'Mau P']",57,Miracle (with Ellie Goulding) [Mau P Remix],,0.642,0.943,8,-6.87,1,0.0519,0.00134,0.085,0.155,0.44,128.005,audio_features,,,,217734,4,2023,1
7F96KtKIOWDuK7ElvMLlne,Above the Clouds,"['ConKi', 'K!llx', 'Crooked Bangs']",56,Above the Clouds,,0.709,0.853,0,-4.585,0,0.0467,0.254,1.73e-05,0.113,0.58,120.049,audio_features,,,,157302,4,2023,1
1DGuA96lAK9NEAmJwS6DH9,The Truth,['Jason Aldean'],64,Wide Open,spotify:track:1DGuA96lAK9NEAmJwS6DH9,0.496,0.577,9,-5.305,1,0.0257,0.234,2.4e-06,0.109,0.382,143.01,audio_features,1DGuA96lAK9NEAmJwS6DH9,https://api.spotify.com/v1/tracks/1DGuA96lAK9NEAmJwS6DH9,https://api.spotify.com/v1/audio-analysis/1DGuA96lAK9NEAmJwS6DH9,238413,4,2009,0
63HwAAXuSV2tzIUPoHOwZa,Atmosphere,"['FISHER', 'Kita Alexander']",73,Atmosphere,,0.762,0.895,8,-4.562,1,0.0734,0.00623,0.142,0.204,0.757,125.985,audio_features,,,,182857,4,2023,1
6GomT970rCOkKAyyrwJeZi,Move Your Body,"['Öwnboss', 'Sevek']",72,Move Your Body,,0.848,0.821,2,-5.408,0,0.0527,0.0169,0.000403,0.0962,0.249,125.051,audio_features,,,,157444,4,2021,1
7udjTmsTZqdB1xLOHGJ8dM,Bel Mercy,['Jengi'],53,Bel Mercy,,0.945,0.759,1,-5.971,1,0.0865,0.231,0.651,0.0989,0.688,127.024,audio_features,,,,169606,4,2022,1
4FHXsehfIbyPCJLP7fCnIF,Ritmo,['Raffa Fl'],62,Ritmo,,0.777,0.867,7,-5.16,0,0.0936,0.000832,0.000655,0.374,0.698,124.005,audio_features,,,,183810,4,2021,1
5IPT4Noqvo7bsfbWUOHcG4,Despicable,['grandson'],52,a modern tragedy vol. 1,spotify:track:5IPT4Noqvo7bsfbWUOHcG4,0.576,0.782,1,-6.167,1,0.0346,0.0123,0.00241,0.467,0.367,87.971,audio_features,5IPT4Noqvo7bsfbWUOHcG4,https://api.spotify.com/v1/tracks/5IPT4Noqvo7bsfbWUOHcG4,https://api.spotify.com/v1/audio-analysis/5IPT4Noqvo7bsfbWUOHcG4,223893,4,2018,0
1E9daypisxjr5TrpOh3lNw,Cut right through my heart,"['MUPP', 'RXDXVIL']",44,Cut right through my heart,spotify:track:1E9daypisxjr5TrpOh3lNw,0.3,0.854,10,-1.518,0,0.0411,0.000261,0.00127,0.627,0.0695,86.057,audio_features,1E9daypisxjr5TrpOh3lNw,https://api.spotify.com/v1/tracks/1E9daypisxjr5TrpOh3lNw,https://api.spotify.com/v1/audio-analysis/1E9daypisxjr5TrpOh3lNw,140058,4,2024,0
6tyaQLZdYC8PeSkDPi8e6a,Somebody To Love,"['Pokeyz', 'Axelle Maga']",55,Somebody To Love,,0.724,0.923,1,-3.543,0,0.181,0.0734,0.000295,0.513,0.149,145.028,audio_features,,,,203275,4,2024,1
32bo7bDJjAHecV7wh4RdBF,Pоker Gаmе - Beave Remix,"['Ana Shine', 'Beave']",43,Pоker Gаmе (Beave Remix),,0.69,0.83,10,-9.066,0,0.0383,0.045,0.00342,0.206,0.663,124.982,audio_features,,,,143040,4,2023,1
10zo4OGj1ijR4TaVi526xr,Oh qu'elle est belle,"['Jul', 'DYSTINCT']",62,Oh qu'elle est belle,spotify:track:10zo4OGj1ijR4TaVi526xr,0.619,0.501,7,-8.228,0,0.174,0.662,0.000808,0.113,0.623,97.419,audio_features,10zo4OGj1ijR4TaVi526xr,https://api.spotify.com/v1/tracks/10zo4OGj1ijR4TaVi526xr,https://api.spotify.com/v1/audio-analysis/10zo4OGj1ijR4TaVi526xr,220013,3,2024,0
1WeoeHh0TSzsApyJ6Q8OOK,I'll Be Over You,['TOTO'],69,Fahrenheit,spotify:track:1WeoeHh0TSzsApyJ6Q8OOK,0.515,0.277,10,-17.85,1,0.0255,0.062,0.0,0.258,0.413,82.167,audio_features,1WeoeHh0TSzsApyJ6Q8OOK,https://api.spotify.com/v1/tracks/1WeoeHh0TSzsApyJ6Q8OOK,https://api.spotify.com/v1/audio-analysis/1WeoeHh0TSzsApyJ6Q8OOK,229880,4,1986,0
2RzgiljZREhofGF5Dj9M2y,tequila libra,['joki'],53,tequila libra,,0.651,0.948,4,-5.257,1,0.049,0.00059,0.767,0.106,0.76,150.006,audio_features,,,,109200,4,2024,1
67eYAnkdTu8BMcIx29z26L,Makeba - Ian Asher Remix,"['Jain', 'Ian Asher']",69,Makeba (Ian Asher Remix),,0.651,0.937,7,-4.078,1,0.0468,0.236,0.0975,0.119,0.666,123.993,audio_features,,,,125178,4,2023,1
627JZ3dVd88Xc5IoHOeNT5,Stop It,['FISHER'],63,Oi Oi,,0.859,0.824,8,-7.207,1,0.0512,0.0242,0.66,0.205,0.882,124.015,audio_features,,,,163790,4,2017,1
2prnn41CblB8B4yWACDljP,Love Tonight (David Guetta Remix Edit),"['Shouse', 'David Guetta']",74,Love Tonight (David Guetta Remix),,0.621,0.989,10,-4.225,0,0.0434,0.015,0.357,0.184,0.0348,126.002,audio_features,,,,158095,4,2021,1
0CkspLl535ZxdwCRs8AdZ4,Plush - 2017 Remaster,['Stone Temple Pilots'],63,Core (Super Deluxe Edition),spotify:track:0CkspLl535ZxdwCRs8AdZ4,0.426,0.94,7,-5.279,0,0.0424,0.00671,1.72e-06,0.14,0.466,144.472,audio_features,0CkspLl535ZxdwCRs8AdZ4,https://api.spotify.com/v1/tracks/0CkspLl535ZxdwCRs8AdZ4,https://api.spotify.com/v1/audio-analysis/0CkspLl535ZxdwCRs8AdZ4,313947,4,1992,0
5ZduaRci3iNUiDfJbBfAaf,Give It To Me - Full Vocal Mix,['Matt Sassari'],81,Give It To Me (Full Vocal Mix),,0.874,0.869,1,-5.996,0,0.0315,0.00116,0.00238,0.164,0.726,126.027,audio_features,,,,102860,4,2021,1
7IKbLYB375325vEbN2NiwL,Lullaby,"['Kezano', 'zara luna']",45,Lullaby,,0.672,0.599,3,-8.016,0,0.0628,0.146,0.000803,0.0995,0.394,105.037,audio_features,,,,160624,4,2024,1
7gRrpvO3FZLzGSE7ps2X58,Why me,['Galion'],32,Why me,,0.557,0.924,11,-8.03,0,0.0524,0.38,0.0082,0.0764,0.241,132.007,audio_features,,,,205909,4,2024,1
0xoYZ45fgTfyQYREZPN7Sa,You & Me - Rivo Remix,"['Disclosure', 'Eliza Doolittle', 'Rivo']",79,You & Me (Rivo Remix),,0.702,0.797,10,-6.635,0,0.0557,0.583,0.495,0.179,0.0356,122.011,audio_features,,,,208524,4,2023,1
1riBwVUqVsk5RGJ9iLN8cG,Bul Beni,['Ezhel'],51,Bul Beni,spotify:track:1riBwVUqVsk5RGJ9iLN8cG,0.797,0.54,6,-7.862,0,0.268,0.528,0.0,0.102,0.348,104.001,audio_features,1riBwVUqVsk5RGJ9iLN8cG,https://api.spotify.com/v1/tracks/1riBwVUqVsk5RGJ9iLN8cG,https://api.spotify.com/v1/audio-analysis/1riBwVUqVsk5RGJ9iLN8cG,154173,4,2021,0
5k0KjsgX1ETIAQWVBRHzq3,Wash It All Away,['Five Finger Death Punch'],61,Got Your Six,spotify:track:5k0KjsgX1ETIAQWVBRHzq3,0.488,0.984,4,-3.618,1,0.0715,2.28e-05,0.0,0.28,0.277,123.633,audio_features,5k0KjsgX1ETIAQWVBRHzq3,https://api.spotify.com/v1/tracks/5k0KjsgX1ETIAQWVBRHzq3,https://api.spotify.com/v1/audio-analysis/5k0KjsgX1ETIAQWVBRHzq3,225706,4,2015,0
0oCNRAmwLo4zHDpCKpjQtI,Ferrari - Oliver Heldens Remix,"['James Hype', 'Miggy Dela Rosa', 'Oliver Heldens']",62,Ferrari (Oliver Heldens Remix),,0.73,0.903,1,-5.64,0,0.0427,0.00806,0.252,0.0998,0.694,124.957,audio_features,,,,188640,4,2022,1
6i0V12jOa3mr6uu4WYhUBr,Heathens,['Twenty One Pilots'],82,Heathens,spotify:track:6i0V12jOa3mr6uu4WYhUBr,0.732,0.396,4,-9.348,0,0.0286,0.0841,3.58e-05,0.105,0.548,90.024,audio_features,6i0V12jOa3mr6uu4WYhUBr,https://api.spotify.com/v1/tracks/6i0V12jOa3mr6uu4WYhUBr,https://api.spotify.com/v1/audio-analysis/6i0V12jOa3mr6uu4WYhUBr,195920,4,2016,0
6vLtfHLVba7azpwIHQVCPi,The Man with the Child in His Eyes - 2018 Remaster,['Kate Bush'],33,The Kick Inside (2018 Remaster),spotify:track:6vLtfHLVba7azpwIHQVCPi,0.297,0.191,0,-14.844,1,0.0361,0.963,0.00139,0.132,0.219,135.962,audio_features,6vLtfHLVba7azpwIHQVCPi,https://api.spotify.com/v1/tracks/6vLtfHLVba7azpwIHQVCPi,https://api.spotify.com/v1/audio-analysis/6vLtfHLVba7azpwIHQVCPi,161147,4,1978,0
4VSx9uyg0sZpdnygVar6pE,"Sweetest Girl (Dollar Bill) (feat. Akon, Lil' Wayne & Niia)","['Wyclef Jean', 'Akon', 'Lil Wayne', 'Niia']",47,CARNIVAL VOL. II...Memoirs of an Immigrant,spotify:track:4VSx9uyg0sZpdnygVar6pE,0.73,0.746,1,-3.53,1,0.0517,0.0672,0.0,0.353,0.549,92.523,audio_features,4VSx9uyg0sZpdnygVar6pE,https://api.spotify.com/v1/tracks/4VSx9uyg0sZpdnygVar6pE,https://api.spotify.com/v1/audio-analysis/4VSx9uyg0sZpdnygVar6pE,239440,4,2007,0
1aKOneRVEZPGjnY76AE2dq,Marianela (Qué Pasa),"['HUGEL', 'Merk & Kremont', 'Lirico En La Casa']",56,Marianela (Qué Pasa),,0.818,0.885,1,-4.184,1,0.0498,0.0353,0.00655,0.0785,0.532,124.041,audio_features,,,,145766,4,2022,1
1PPswVdqYYvfBIk5MdB4Lo,Me Está Gustando,['Banda Los Recoditos'],61,Me Está Gustando,spotify:track:1PPswVdqYYvfBIk5MdB4Lo,0.752,0.497,3,-4.948,1,0.043,0.482,0.0,0.161,0.965,144.93,audio_features,1PPswVdqYYvfBIk5MdB4Lo,https://api.spotify.com/v1/tracks/1PPswVdqYYvfBIk5MdB4Lo,https://api.spotify.com/v1/audio-analysis/1PPswVdqYYvfBIk5MdB4Lo,180147,3,2015,0
44xO8889yUQHn70P73NILS,Believe Me,['Navos'],59,Believe Me,,0.629,0.876,5,-5.572,0,0.0408,0.129,1.39e-06,0.29,0.645,124.999,audio_features,,,,188260,4,2021,1
13eNzMdXHUinoWsxcRXTCW,Feelings (feat. J Hus),"['Jorja Smith', 'J Hus']",56,falling or flying,spotify:track:13eNzMdXHUinoWsxcRXTCW,0.773,0.685,5,-7.529,0,0.309,0.064,6.85e-06,0.113,0.576,95.043,audio_features,13eNzMdXHUinoWsxcRXTCW,https://api.spotify.com/v1/tracks/13eNzMdXHUinoWsxcRXTCW,https://api.spotify.com/v1/audio-analysis/13eNzMdXHUinoWsxcRXTCW,237852,4,2023,0
1wZ7o1mZysv1l26ZWawVfW,Freedom! '90 - Remastered,['George Michael'],65,Listen Without Prejudice Vol. 1 (Remastered),spotify:track:1wZ7o1mZysv1l26ZWawVfW,0.673,0.863,5,-10.352,1,0.0451,0.243,3.23e-05,0.0601,0.938,91.703,audio_features,1wZ7o1mZysv1l26ZWawVfW,https://api.spotify.com/v1/tracks/1wZ7o1mZysv1l26ZWawVfW,https://api.spotify.com/v1/audio-analysis/1wZ7o1mZysv1l26ZWawVfW,390867,4,1990,0
4qtWZFWX5k3Hs1LN2c1s6g,"Dagabaaz Re (From ""Dabangg 2"")","['Rahat Fateh Ali Khan', 'Shreya Ghoshal']",53,Best Of Shreya Ghoshal,spotify:track:4qtWZFWX5k3Hs1LN2c1s6g,0.595,0.766,7,-9.303,1,0.0551,0.416,0.0,0.115,0.818,145.541,audio_features,4qtWZFWX5k3Hs1LN2c1s6g,https://api.spotify.com/v1/tracks/4qtWZFWX5k3Hs1LN2c1s6g,https://api.spotify.com/v1/audio-analysis/4qtWZFWX5k3Hs1LN2c1s6g,287204,3,2018,0
4QF4IfN0TqvJ00V7qHkLRw,Don't Kill My Vibe,"['Öwnboss', 'BYOR']",60,Don't Kill My Vibe,,0.767,0.786,11,-5.53,0,0.0582,0.0225,0.000595,0.521,0.789,126.035,audio_features,,,,173333,4,2024,1
4qDpLaFGf5ampf2DXD2TMA,Where You Are,"['John Summit', 'HAYLA']",68,Where You Are,,0.567,0.83,9,-6.402,0,0.0349,0.00879,0.0105,0.529,0.0726,126.04,audio_features,,,,236000,4,2023,1
3fPgIknlkDWXs1l2noKZbp,Kar Gayi Chull,"['Badshah', 'Amaal Mallik', 'Fazilpuria', 'Sukriti Kakar', 'Neha Kakkar']",63,The Badshah of Party Hits,spotify:track:3fPgIknlkDWXs1l2noKZbp,0.828,0.739,11,-5.466,0,0.0728,0.0314,0.000328,0.211,0.885,121.99,audio_features,3fPgIknlkDWXs1l2noKZbp,https://api.spotify.com/v1/tracks/3fPgIknlkDWXs1l2noKZbp,https://api.spotify.com/v1/audio-analysis/3fPgIknlkDWXs1l2noKZbp,187711,4,2017,0
6PJGrQ6N75ZZe3LCHZDptr,Give Me My Heart Back,"['Masked Wolf', 'Lecrae']",46,Give Me My Heart Back,spotify:track:6PJGrQ6N75ZZe3LCHZDptr,0.68,0.656,1,-5.474,1,0.0401,0.00886,1.94e-06,0.231,0.448,150.915,audio_features,6PJGrQ6N75ZZe3LCHZDptr,https://api.spotify.com/v1/tracks/6PJGrQ6N75ZZe3LCHZDptr,https://api.spotify.com/v1/audio-analysis/6PJGrQ6N75ZZe3LCHZDptr,166667,4,2024,0
5Z8Dj3LtbyCMiwE86rhg2f,Marea (we’ve lost dancing),"['Fred again..', 'The Blessed Madonna']",72,Actual Life (April 14 - December 17 2020),,0.761,0.781,5,-6.778,0,0.141,0.0681,0.108,0.0607,0.473,123.023,audio_features,,,,285375,4,2021,1
07koEqsKHZTlGVMC9eoEjO,The Most Beautiful Thing,['Bruno Major'],67,To Let A Good Thing Die,spotify:track:07koEqsKHZTlGVMC9eoEjO,0.806,0.362,7,-10.386,1,0.0344,0.541,0.0489,0.111,0.418,127.498,audio_features,07koEqsKHZTlGVMC9eoEjO,https://api.spotify.com/v1/tracks/07koEqsKHZTlGVMC9eoEjO,https://api.spotify.com/v1/audio-analysis/07koEqsKHZTlGVMC9eoEjO,235427,4,2020,0
6jg5SRvdGxvJ0DzNV0UqEK,Please Don't Go,['Mike Posner'],63,31 Minutes to Takeoff,spotify:track:6jg5SRvdGxvJ0DzNV0UqEK,0.699,0.882,4,-3.896,0,0.0311,0.00296,0.0544,0.13,0.657,120.016,audio_features,6jg5SRvdGxvJ0DzNV0UqEK,https://api.spotify.com/v1/tracks/6jg5SRvdGxvJ0DzNV0UqEK,https://api.spotify.com/v1/audio-analysis/6jg5SRvdGxvJ0DzNV0UqEK,196813,4,2010,0
5leOeGhPmrsUYPbOLJMlJd,Don't Mess Around Honey - INViDA Remix,"['Isla Rose', 'INViDA']",33,Don't Mess Around Honey (INViDA Remix),,0.717,0.821,2,-5.788,1,0.0393,0.024,0.000779,0.0699,0.565,127.085,audio_features,,,,164000,4,2024,1
5LOTtadWBsGDLMQMC0tl2z,Life,['ConKi'],67,Life,,0.607,0.817,0,-5.839,0,0.0485,0.13,1.75e-05,0.56,0.338,112.052,audio_features,,,,130000,4,2024,1
5zUQZjVB6bfewBXWqsP9PY,Here,['Alessia Cara'],70,Know-It-All,spotify:track:5zUQZjVB6bfewBXWqsP9PY,0.376,0.822,0,-3.974,1,0.104,0.0783,0.0,0.0841,0.327,120.498,audio_features,5zUQZjVB6bfewBXWqsP9PY,https://api.spotify.com/v1/tracks/5zUQZjVB6bfewBXWqsP9PY,https://api.spotify.com/v1/audio-analysis/5zUQZjVB6bfewBXWqsP9PY,199453,4,2015,0
3m0cKFBobiuIuNDzOCQJSN,Delante,['Lodgerz'],60,Delante,,0.753,0.816,7,-6.576,1,0.0589,0.0102,0.587,0.152,0.376,128.005,audio_features,,,,145908,4,2024,1
2KjQ5zpQGCXgAPbwyPBVqx,It's A Killa,"['FISHER', 'Shermanology']",57,It's A Killa,,0.782,0.905,7,-5.279,1,0.0448,0.00453,0.00625,0.151,0.8,125.982,audio_features,,,,200028,4,2022,1
7MqutWIllOwYhtKOFhl5ST,Aguila (feat. Cumbiafrica),"['HUGEL', 'Westend', 'Cumbiafrica']",62,Aguila (feat. Cumbiafrica),,0.811,0.816,6,-5.584,0,0.0447,0.00304,0.000122,0.112,0.209,125.0,audio_features,,,,168600,4,2022,1
5smV9PLgN7AoQfbSP6DbsZ,Reciprocate,"['Zummer', 'Hannah Gracelynn']",47,Reciprocate,,0.661,0.976,6,-3.636,1,0.061,0.00186,0.00123,0.103,0.644,150.045,audio_features,,,,131200,4,2024,1
3nJYcY9yvKP8Oi2Ml8brXt,Right Hand Man,"['Lin-Manuel Miranda', 'Leslie Odom Jr.', 'Original Broadway Cast of Hamilton']",63,Hamilton (Original Broadway Cast Recording),spotify:track:3nJYcY9yvKP8Oi2Ml8brXt,0.68,0.413,8,-9.41,1,0.492,0.177,0.0,0.205,0.383,158.576,audio_features,3nJYcY9yvKP8Oi2Ml8brXt,https://api.spotify.com/v1/tracks/3nJYcY9yvKP8Oi2Ml8brXt,https://api.spotify.com/v1/audio-analysis/3nJYcY9yvKP8Oi2Ml8brXt,321697,4,2015,0
0rMuFOja3DhVSuXQeae25C,Sleep,"['ConKi', 'Rolipso', 'Runforrest']",61,Sleep,,0.674,0.815,7,-6.501,0,0.0334,0.00246,0.000435,0.094,0.204,132.032,audio_features,,,,178235,4,2023,1
3DnsKpEA4oIlsmIW8vIvSf,Lollipop - Remix,"['Darell', 'Ozuna', 'Maluma']",49,Darell 2024,spotify:track:3DnsKpEA4oIlsmIW8vIvSf,0.84,0.707,3,-5.616,0,0.081,0.231,0.0,0.0986,0.951,102.981,audio_features,3DnsKpEA4oIlsmIW8vIvSf,https://api.spotify.com/v1/tracks/3DnsKpEA4oIlsmIW8vIvSf,https://api.spotify.com/v1/audio-analysis/3DnsKpEA4oIlsmIW8vIvSf,266616,4,2024,0
2qRKTg13LJGHO4fmQTWT7x,You Give Me A Feeling,"['Vintage Culture', 'James Hype']",66,You Give Me A Feeling,,0.761,0.867,2,-6.168,1,0.0499,0.259,0.615,0.0689,0.679,126.03,audio_features,,,,185896,4,2021,1
2sVM0on2db42X3aH5hrx7o,Esta Noche,['Yahritza Y Su Esencia'],54,Obsessed (Deluxe),spotify:track:2sVM0on2db42X3aH5hrx7o,0.697,0.755,2,-4.568,0,0.0366,0.474,0.0,0.115,0.623,147.964,audio_features,2sVM0on2db42X3aH5hrx7o,https://api.spotify.com/v1/tracks/2sVM0on2db42X3aH5hrx7o,https://api.spotify.com/v1/audio-analysis/2sVM0on2db42X3aH5hrx7o,189750,3,2022,0
5Doq3kvpE4Lh2tiXp51oa1,Set Fire to the Rain X BADDIES ONLY,['BADDIES ONLY'],71,Set Fire to the Rain X BADDIES ONLY,,0.716,0.777,1,-5.19,1,0.0284,0.0291,6.24e-05,0.0901,0.675,126.991,audio_features,,,,108661,4,2023,1
3H6wIwh1C3GVJI0LaWQF7P,Movimento lento (feat. Federico Rossi),"['Annalisa', 'Federico Rossi']",53,Nuda10 (Deluxe Edition),spotify:track:3H6wIwh1C3GVJI0LaWQF7P,0.731,0.92,6,-3.724,1,0.0435,0.105,1.4e-06,0.0956,0.871,100.0,audio_features,3H6wIwh1C3GVJI0LaWQF7P,https://api.spotify.com/v1/tracks/3H6wIwh1C3GVJI0LaWQF7P,https://api.spotify.com/v1/audio-analysis/3H6wIwh1C3GVJI0LaWQF7P,193200,4,2021,0
3I10tZ5MgEMo4WryCNJkZQ,Won't Forget You (Edit),['Shouse'],65,Won't Forget You,,0.656,0.655,7,-6.766,0,0.024,0.02,0.00816,0.103,0.555,127.001,audio_features,,,,230945,4,2022,1
3ndW5P3tLaoLSn30qURXB5,Jee Le,"['Shruti Pathak', 'Naresh Kamath']",39,Luck,spotify:track:3ndW5P3tLaoLSn30qURXB5,0.747,0.832,8,-7.268,1,0.18,0.113,1.07e-06,0.0739,0.857,99.992,audio_features,3ndW5P3tLaoLSn30qURXB5,https://api.spotify.com/v1/tracks/3ndW5P3tLaoLSn30qURXB5,https://api.spotify.com/v1/audio-analysis/3ndW5P3tLaoLSn30qURXB5,265595,4,2009,0
